no,업력,지역,업종,멘토링,세무,신용등급,이행보증,연계지원,자금,절차간소화
1,1년미만,경북,섬유,3,3,4,4,4,4,4
2,5년미만,경기 ,전자,3,2,4,3,4,5,5
3,3년미만,서울,유통,3,3,3,3,3,3,3
4,3년미만,서울,기타,4,3,4,5,4,5,3
5,3년미만,서울,정보,4,4,4,3,4,5,5
6,3년미만,강원,유통,3,3,3,3,3,3,3
7,1년미만,경기 ,잡화,,,,5,,4,4
8,3년미만,서울,정보,5,3,4,5,5,5,4
9,3년미만,경기 ,정보,5,5,5,5,5,5,5
10,1년미만,경기 ,금속,5,4,4,4,4,5,3
11,5년미만,서울,기계,4,3,5,3,4,5,4
12,3년미만,경기 ,유통,1,4,4,4,4,4,4
13,1년미만,경기 ,금속,3,2,4,3,3,4,4
14,3년미만,인천,전기,2,3,3,4,4,5,4
15,1년미만,경기 ,전자,4,4,5,4,5,5,5
16,1년미만,대구,잡화,4,5,5,3,5,5,4
17,7년미만,전북,정보,5,4,4,4,5,5,5
18,1년미만,경북,식료,5,5,5,5,5,5,4
19,3년미만,경기 ,전자,3,2,5,5,4,5,4
20,3년미만,서울,화공,4,3,5,5,5,5,5
21,3년미만,서울,전기,4,3,4,4,5,5,5
22,3년미만,부산,기타,4,4,3,3,4,4,3
23,3년미만,충북,식료,1,1,2,5,5,5,5
24,3년미만,경남,식료,5,5,5,5,5,5,5
25,1년미만,강원,식료,4,4,5,5,5,5,5
26,7년미만,서울,정보,3,3,5,4,5,5,4
27,3년미만,대구,금속,5,5,5,5,5,5,5
28,1년미만,대전,유통,5,4,4,3,4,3,3
29,5년미만,경기 ,유통,5,5,5,5,5,5,5
30,3년미만,서울,유통,5,5,5,5,5,5,3
31,7년미만,경기 ,기타,4,4,5,5,5,5,5
32,1년미만,인천,기계,5,5,5,5,5,5,5
33,7년미만,강원,유통,4,4,4,4,4,4,4
34,3년미만,충남,기계,4,4,4,4,4,4,4
35,5년미만,경기 ,유통,5,,5,5,4,4,3
36,5년미만,대구,섬유,3,3,3,3,3,3,3
37,3년미만,경남,식료,5,4,5,5,5,5,4
38,3년미만,경기 ,금속,4,5,5,5,5,5,5
39,3년미만,서울,정보,3,3,5,5,5,5,5
40,1년미만,경북,식료,5,5,5,5,5,5,5
41,5년미만,충북,기계,4,5,5,4,5,5,5
42,5년미만,대구,전자,3,3,3,3,3,3,3
43,7년미만,서울,유통,,,,,,5,
44,1년미만,서울,정보,2,4,4,4,4,5,5
45,1년미만,서울,잡화,4,4,4,4,5,5,4
46,1년미만,전북,화공,4,3,4,3,4,5,5
47,3년미만,서울,유통,4,4,4,4,4,5,4
48,3년미만,경기 ,전기,4,3,4,5,4,5,4
49,7년미만,전북,금속,4,4,4,4,4,4,4
50,1년미만,서울,기타,4,3,4,4,4,4,
51,1년미만,경기 ,기계,4,4,4,5,5,5,5
52,1년미만,대구,식료,4,3,3,4,4,5,3
53,3년미만,전북,기타,4,4,4,5,5,5,5
54,3년미만,강원,식료,4,4,5,4,5,5,5
55,1년미만,경남,금속,3,4,4,3,3,4,4
56,1년미만,경기 ,화공,3,3,3,3,3,3,3
57,7년미만,울산,잡화,5,2,2,3,4,3,3
58,1년미만,서울,유통,2,2,4,4,5,5,5
59,1년미만,경북,전자,5,5,5,5,5,5,5
60,3년미만,경기 ,잡화,2,2,5,5,5,5,5
61,3년미만,경기 ,유통,5,5,4,4,5,5,5
62,1년미만,경북,금속,4,3,3,3,2,3,3
63,3년미만,경기 ,화공,3,4,4,2,4,4,4
64,5년미만,경기 ,금속,4,4,4,4,4,4,4
65,3년미만,경북,유통,5,4,4,4,4,5,5
66,3년미만,대전,기타,4,4,5,5,5,5,5
67,1년미만,서울,기타,4,4,5,5,5,5,5
68,3년미만,서울,기타,4,2,5,5,5,5,5
69,3년미만,광주,기계,4,4,4,4,4,4,4
70,1년미만,서울,섬유,4,3,4,4,3,4,4
71,1년미만,서울,정보,5,5,5,5,5,5,5
72,3년미만,경기 ,금속,3,3,5,4,4,5,4
73,3년미만,대구,금속,5,3,4,5,5,5,4
74,1년미만,경기 ,유통,5,,5,5,5,5,
75,3년미만,서울,유통,4,4,4,4,4,4,4
76,5년미만,경기 ,유통,4,4,5,4,4,5,4
77,3년미만,서울,정보,4,3,3,4,4,5,4
78,3년미만,경기 ,기계,5,4,5,5,5,5,4
79,5년미만,경기 ,식료,4,5,5,4,5,5,5
80,1년미만,서울,정보,2,2,4,4,5,5,5
81,1년미만,서울,금속,3,3,3,3,5,5,
82,3년미만,서울,유통,4,4,4,4,4,4,4
83,3년미만,서울,기계,4,4,4,3,4,4,4
84,1년미만,서울,잡화,4,3,5,5,4,4,4
85,5년미만,서울,전자,3,3,3,3,3,4,3
86,3년미만,서울,금속,3,3,3,3,3,3,3
87,5년미만,충남,기계,5,3,3,5,5,5,5
88,1년미만,경남,섬유,5,5,5,,5,5,5
89,7년미만,경북,잡화,4,4,4,4,4,4,4
90,3년미만,서울,정보,4,4,4,4,4,4,4
91,1년미만,경기 ,잡화,5,2,5,3,5,5,5
92,1년미만,충북,금속,4,5,4,4,5,4,4
93,3년미만,서울,유통,5,4,4,5,5,5,5
94,5년미만,서울,잡화,4,4,4,4,4,4,4
95,1년미만,경기 ,잡화,5,4,5,4,4,5,3
96,7년미만,경기 ,정보,3,3,3,3,3,3,3
97,3년미만,서울,정보,2,3,,2,3,3,3
98,1년미만,강원,기계,4,4,5,4,3,5,4
99,5년미만,서울,유통,3,3,3,3,3,3,3
100,1년미만,경기 ,화공,5,4,5,5,5,5,5
101,3년미만,충남,화공,5,5,5,4,4,5,5
102,3년미만,서울,유통,3,3,4,4,4,5,4
103,1년미만,경북,전자,4,4,4,4,4,4,4
104,3년미만,충북,기계,4,4,4,3,4,4,4
105,3년미만,경북,전자,4,5,5,5,4,5,5
106,5년미만,전북,금속,5,5,5,5,5,5,5
107,3년미만,전북,화공,5,4,5,5,4,5,5
108,5년미만,경남,금속,3,2,2,3,2,3,4
109,3년미만,서울,유통,3,3,3,4,3,4,4
110,1년미만,경기 ,잡화,3,2,4,4,3,5,4
111,7년미만,경기 ,잡화,5,5,5,5,5,5,5
112,5년미만,경기 ,전기,4,4,4,3,3,3,5
113,3년미만,충남,전자,5,5,5,5,5,5,5
114,3년미만,경기 ,기타,5,5,5,5,5,5,5
115,3년미만,경남,기계,4,4,4,4,4,5,4
116,3년미만,경북,금속,2,,2,2,3,,
117,1년미만,경기 ,기계,3,3,3,4,4,4,3
118,5년미만,경기 ,기계,5,5,5,5,5,5,5
119,3년미만,경기 ,유통,5,3,5,5,5,5,4
120,3년미만,경기 ,잡화,5,4,5,5,5,5,5
121,5년미만,울산,기계,5,5,5,5,4,5,5
122,1년미만,강원,식료,5,5,5,5,5,5,5
123,5년미만,대전,기계,4,3,3,3,3,3,3
124,3년미만,경기 ,기계,1,3,1,1,1,1,1
125,5년미만,세종,잡화,4,4,5,4,5,5,4
126,1년미만,경기 ,잡화,4,4,4,4,4,4,4
127,1년미만,서울,유통,1,1,1,1,1,1,3
128,3년미만,경북,식료,4,3,4,4,4,5,5
129,5년미만,서울,섬유,4,4,4,4,3,5,4
130,1년미만,경북,전기,5,4,4,3,3,5,5
131,5년미만,경기 ,전기,4,4,4,4,5,5,5
132,3년미만,서울,섬유,4,4,4,4,4,4,4
133,3년미만,경기 ,화공,3,3,4,4,4,4,4
134,1년미만,전북,기계,2,2,2,4,3,5,3
135,5년미만,경북,기계,5,5,5,5,5,5,5
136,3년미만,경기 ,유통,4,,3,3,,3,3
137,3년미만,광주,기계,5,5,5,5,5,5,5
138,3년미만,경기 ,기계,5,4,3,3,3,4,4
139,3년미만,전남,유통,5,4,5,5,4,4,5
140,1년미만,경기 ,잡화,3,4,4,4,3,4,4
141,1년미만,충북,기계,4,4,4,4,4,4,4
142,5년미만,전북,잡화,,,4,4,,4,
143,1년미만,서울,잡화,4,2,3,5,4,5,4
144,7년미만,충북,전기,4,4,4,4,4,4,4
145,3년미만,대전,잡화,4,4,4,4,4,4,4
146,1년미만,경기 ,잡화,4,4,3,4,3,4,3
147,3년미만,부산,섬유,3,3,3,3,3,3,3
148,3년미만,대구,금속,4,5,5,5,5,5,5
149,5년미만,전북,기계,5,5,5,5,5,5,5
150,3년미만,대구,식료,2,3,4,4,4,5,4
151,5년미만,대전,기타,2,2,4,4,4,5,5
152,3년미만,대구,유통,4,4,4,5,4,5,4
153,3년미만,전남,잡화,4,3,3,5,5,5,5
154,7년미만,서울,유통,3,2,4,4,4,5,5
155,1년미만,경기 ,금속,5,5,3,4,5,4,4
156,3년미만,부산,식료,4,4,4,4,3,4,4
157,5년미만,경기 ,기계,4,4,4,4,4,5,5
158,3년미만,서울,기계,2,2,3,3,5,4,4
159,3년미만,강원,정보,4,3,3,3,4,5,5
160,5년미만,대구,잡화,5,4,5,4,5,5,5
161,5년미만,인천,화공,3,3,3,3,3,3,3
162,1년미만,울산,기계,5,4,5,5,5,5,5
163,3년미만,광주,기계,5,5,5,5,5,5,5
164,7년미만,전남,섬유,3,3,4,4,3,5,5
165,3년미만,경기 ,잡화,4,4,5,4,4,5,4
166,3년미만,인천,유통,4,3,4,5,5,5,5
167,5년미만,충남,금속,5,4,5,5,5,5,5
168,3년미만,경남,금속,4,3,3,4,3,4,3
169,3년미만,경북,식료,5,2,4,3,5,5,5
170,1년미만,서울,잡화,4,3,3,4,3,5,5
171,5년미만,경기 ,기계,4,,4,4,3,3,4
172,5년미만,경남,기계,3,3,4,4,3,3,3
173,1년미만,경기 ,화공,4,4,4,4,4,4,4
174,1년미만,충남,기계,3,3,3,3,3,4,4
175,1년미만,전북,잡화,4,2,5,3,5,4,4
176,5년미만,경기 ,잡화,4,4,3,3,4,4,4
177,1년미만,부산,정보,5,5,5,5,5,5,5
178,1년미만,제주,잡화,5,5,5,5,5,5,5
179,3년미만,경남,화공,4,4,4,,,5,5
180,5년미만,충북,유통,5,5,5,5,3,3,3
181,3년미만,울산,금속,3,3,3,3,3,3,3
182,5년미만,경기 ,전기,4,3,3,3,3,3,3
183,1년미만,서울,정보,3,3,4,4,4,5,5
184,3년미만,서울,정보,3,2,3,3,3,3,2
185,1년미만,경남,정보,4,4,4,4,3,4,4
186,1년미만,경기,정보,4,3,3,3,4,4,4
187,1년미만,서울,잡화,3,2,2,5,3,5,4
188,1년미만,경기,유통,3,3,5,3,3,4,4
189,3년미만,서울,정보,5,5,5,5,5,5,5
190,7년미만,인천,기계,5,5,5,5,5,5,5
191,1년미만,서울,기타,2,1,4,3,3,4,3
192,1년미만,경남,전자,3,4,3,4,3,4,3
193,1년미만,경기,화공,4,4,4,4,4,4,4
194,3년미만,경기,기계,2,2,3,2,4,5,5
195,1년미만,울산,식료,4,4,4,4,4,4,4
196,3년미만,인천,식료,4,4,4,5,5,5,5
197,3년미만,인천,전자,3,4,4,3,3,5,5
198,1년미만,경기,화공,4,4,4,4,4,4,4
199,1년미만,경남,식료,3,3,5,3,3,5,5
200,3년미만,광주,기계,4,4,4,4,4,5,4
201,1년미만,경기,화공,3,3,3,3,4,4,3
202,1년미만,충남,기계,4,5,5,5,5,5,5
203,3년미만,강원,전자,3,3,4,5,4,5,4
204,1년미만,경기,유통,4,3,3,4,4,4,3
205,3년미만,경기,기계,4,4,4,4,5,5,3
206,3년미만,경남,기계,4,5,5,4,4,5,5
207,1년미만,전북,기계,4,5,5,5,4,5,4
208,5년미만,부산,화공,4,3,4,3,4,4,3
209,1년미만,경북,기계,3,2,5,2,5,5,5
210,1년미만,전북,금속,5,4,4,4,4,4,4
211,3년미만,서울,정보,5,5,5,5,5,5,5
212,1년미만,부산,정보,3,3,3,3,3,3,3
213,1년미만,부산,금속,4,4,4,3,4,5,5
214,3년미만,강원,화공,4,4,4,3,4,4,4
215,7년미만,광주,화공,4,4,4,4,4,4,4
216,1년미만,충남,금속,5,4,5,5,5,5,5
217,3년미만,서울,정보,3,3,4,5,5,5,5
218,7년미만,인천,기계,3,3,3,3,3,4,3
219,3년미만,강원,화공,3,3,5,4,4,5,5
220,1년미만,경기,기타,2,4,5,5,4,5,5
221,3년미만,서울,정보,3,3,4,4,5,5,4
222,1년미만,경기,전기,5,3,5,5,5,5,4
223,3년미만,부산,기계,4,3,3,4,3,3,3
224,5년미만,경기,섬유,5,5,5,5,5,5,3
225,3년미만,대구,전자,4,2,5,4,4,5,4
226,1년미만,부산,유통,4,4,4,4,4,5,4
227,1년미만,경남,기계,5,5,5,5,5,5,5
228,3년미만,경기,식료,3,3,5,5,5,5,4
229,3년미만,충북,화공,5,4,4,5,4,5,4
230,1년미만,전북,유통,5,3,5,3,5,4,4
231,5년미만,울산,정보,4,3,5,4,,4,3
232,7년미만,경기,화공,4,4,4,4,3,4,4
233,3년미만,경북,유통,4,4,5,5,5,5,5
234,1년미만,경기,정보,3,3,3,2,4,3,3
235,3년미만,서울,정보,4,4,4,4,4,5,5
236,1년미만,경기,잡화,5,4,5,5,5,5,5
237,1년미만,경기,식료,3,2,3,3,4,5,4
238,5년미만,충북,잡화,4,4,4,4,4,5,5
239,1년미만,서울,정보,4,4,4,4,4,4,4
240,3년미만,강원,전기,3,3,3,3,3,3,
241,7년미만,서울,잡화,3,3,5,5,5,5,5
242,1년미만,전남,기계,4,4,4,5,5,5,5
243,5년미만,서울,유통,2,3,4,5,4,5,5
244,3년미만,충북,전자,4,4,4,4,4,4,4
245,3년미만,경북,기계,3,3,3,3,3,3,3
246,5년미만,경기,잡화,2,4,4,4,4,4,5
247,3년미만,전남,유통,5,5,5,5,5,5,5
248,5년미만,부산,유통,4,4,4,4,4,4,4
249,1년미만,경북,잡화,4,4,3,3,3,4,3
250,3년미만,경남,잡화,4,3,2,3,4,5,4
251,3년미만,경기,전기,3,2,5,5,5,5,5
252,1년미만,강원,식료,5,5,5,5,3,5,5
253,7년미만,경기,전기,5,3,5,3,5,5,3
254,1년미만,경기,기계,4,5,5,4,5,5,5
255,5년미만,경기,유통,4,4,4,4,4,4,5
256,7년미만,서울,정보,4,4,4,4,4,4,4
257,3년미만,경북,전기,4,3,3,3,3,3,4
258,1년미만,경기,전자,3,3,3,3,3,3,3
259,7년미만,서울,유통,4,3,4,5,5,5,4
260,3년미만,경북,화공,3,4,4,3,5,5,5
261,1년미만,부산,식료,3,3,4,3,3,4,4
262,3년미만,서울,기타,4,2,5,5,5,5,5
263,5년미만,경기,잡화,5,4,5,5,5,5,5
264,5년미만,경기,금속,3,4,4,4,4,4,4
265,1년미만,서울,잡화,3,3,4,4,4,4,4
266,3년미만,서울,정보,5,3,4,3,5,5,3
267,1년미만,경기,기계,5,5,5,5,5,5,5
268,1년미만,서울,유통,4,4,5,3,3,5,3
269,5년미만,대구,기계,5,4,3,2,2,5,5
270,3년미만,대구,금속,5,5,5,5,5,5,4
271,3년미만,인천,전기,5,5,5,5,4,5,5
272,1년미만,경기,화공,4,4,4,4,4,4,4
273,5년미만,경기,금속,4,4,4,4,4,4,4
274,1년미만,서울,유통,5,2,5,5,5,5,2
275,1년미만,광주,기계,2,4,4,3,3,5,3
276,3년미만,경기,전자,1,3,3,3,3,4,4
277,1년미만,경기,유통,3,3,3,3,3,2,3
278,1년미만,전남,기타,1,1,4,4,4,4,4
279,1년미만,경기,기계,3,2,5,4,5,5,3
280,7년미만,인천,화공,3,3,3,3,3,3,3
281,3년미만,서울,유통,4,4,4,4,4,4,4
282,1년미만,부산,잡화,4,4,5,4,5,5,4
283,1년미만,강원,기계,4,3,4,4,4,4,4
284,5년미만,서울,잡화,4,4,4,4,4,4,4
285,3년미만,경기,기계,1,2,4,5,5,5,5
286,7년미만,서울,식료,4,4,4,4,3,4,4
287,3년미만,서울,섬유,5,2,4,3,3,3,4
288,1년미만,경기,기계,4,4,4,4,4,4,4
289,3년미만,전남,금속,3,1,5,5,3,5,5
290,1년미만,경기,잡화,3,5,5,5,5,5,5
291,5년미만,인천,전자,4,4,4,4,4,4,4
292,1년미만,전남,유통,4,4,5,5,5,5,4
293,1년미만,경남,금속,5,5,4,5,5,5,5
294,7년미만,인천,정보,5,5,5,5,5,5,5
295,3년미만,서울,기타,5,4,5,5,5,5,4
296,3년미만,전남,잡화,5,5,5,5,5,5,5
297,7년미만,충남,기계,4,4,4,5,4,5,5
298,1년미만,경기,전기,4,4,5,5,4,5,4
299,3년미만,전남,화공,4,4,4,5,4,5,4
300,5년미만,부산,정보,3,2,3,2,2,4,4
301,3년미만,경북,식료,4,4,4,4,4,4,4
302,3년미만,경기,기계,4,5,5,5,4,4,4
303,7년미만,광주,잡화,2,4,4,4,4,5,5
304,3년미만,대전,전기,2,3,4,4,4,5,5
305,1년미만,부산,기타,5,5,4,5,4,4,5
306,1년미만,경기,기계,5,5,5,4,4,5,5
307,3년미만,대구,유통,3,2,4,5,4,5,5
308,1년미만,경기,전자,3,4,3,3,4,4,3
309,1년미만,경기,정보,3,3,3,3,3,3,3
310,3년미만,서울,화공,4,4,5,4,5,5,5
311,3년미만,서울,유통,4,5,4,4,5,5,4
312,3년미만,서울,전기,2,3,5,5,5,5,5
313,3년미만,전남,화공,5,5,5,5,5,5,5
314,1년미만,서울,정보,3,3,4,4,5,5,5
315,1년미만,충남,전기,3,5,5,5,5,5,5
316,5년미만,광주,금속,3,4,3,4,3,4,
317,3년미만,경기,전기,4,4,4,4,4,5,5
318,3년미만,광주,기계,5,5,5,5,5,5,5
319,7년미만,경기,금속,5,5,5,5,5,5,5
320,5년미만,서울,유통,3,3,3,3,3,3,3
321,3년미만,경기,전자,4,4,5,4,4,4,4
322,1년미만,인천,기타,2,3,3,4,5,5,3
323,3년미만,서울,유통,2,3,4,2,3,5,5
324,3년미만,서울,정보,3,3,3,3,3,4,3
325,5년미만,경기,기계,4,4,4,4,4,4,4
326,5년미만,충북,화공,3,4,4,3,3,4,4
327,5년미만,경기,잡화,4,4,4,3,4,4,4
328,3년미만,경기,섬유,4,4,4,4,4,4,4
329,7년미만,서울,유통,4,3,4,4,4,4,4
330,5년미만,대전,화공,3,4,4,4,4,5,4
331,1년미만,전남,유통,4,4,4,4,4,5,5
332,3년미만,부산,기계,4,4,4,4,4,4,5
333,1년미만,경기,식료,4,4,4,4,4,5,5
334,3년미만,서울,유통,3,3,3,3,3,3,3
335,3년미만,전남,기타,4,5,5,4,5,5,4
336,5년미만,경기,유통,5,,5,5,5,,
337,3년미만,경기,잡화,4,4,3,4,4,5,4
338,3년미만,서울,유통,4,5,3,3,3,3,4
339,1년미만,충남,잡화,4,,,,,,
340,3년미만,인천,금속,3,3,3,3,3,3,3
341,3년미만,울산,기계,3,4,4,5,5,5,5
342,3년미만,부산,유통,5,5,5,5,5,5,5
343,3년미만,전북,유통,4,3,4,4,4,4,4
344,5년미만,서울,화공,4,3,3,4,5,4,4
345,5년미만,경기,화공,3,4,3,3,3,4,4
346,5년미만,경기,섬유,4,4,4,4,4,5,5
347,1년미만,광주,유통,5,4,4,4,5,5,3
348,3년미만,경북,식료,4,4,4,4,4,4,4
349,1년미만,전남,기타,4,4,4,4,4,4,4
350,7년미만,경남,금속,4,4,5,4,3,4,5
351,5년미만,서울,정보,1,1,5,3,4,5,3
352,3년미만,경기,정보,3,2,2,2,2,5,5
353,5년미만,인천,섬유,4,4,5,4,5,5,4
354,1년미만,서울,섬유,3,3,3,3,3,3,3
355,1년미만,경기,금속,3,3,4,4,3,4,4
356,3년미만,인천,유통,4,3,5,5,5,5,5
357,3년미만,경북,잡화,3,3,3,3,3,3,3
358,5년미만,경남,식료,3,3,3,3,3,3,3
359,3년미만,서울,유통,5,5,5,5,5,5,5
360,3년미만,서울,유통,5,5,5,4,5,5,5
361,1년미만,경기,화공,4,4,5,4,4,4,4
362,5년미만,경기,기계,4,4,4,5,5,5,5
363,3년미만,서울,기타,3,3,5,5,5,5,5
364,3년미만,경북,섬유,2,2,4,2,2,5,4
365,3년미만,서울,기타,5,5,4,4,4,5,5
366,1년미만,강원,식료,4,4,4,4,4,4,4
367,3년미만,경남,금속,3,3,2,5,3,5,5
368,3년미만,경기,유통,3,3,3,3,3,3,3
369,3년미만,인천,섬유,4,5,5,5,4,5,5
370,3년미만,서울,정보,3,3,4,4,4,5,5
371,1년미만,경북,잡화,5,5,5,5,5,5,5
372,5년미만,경북,화공,4,4,4,4,4,4,4
373,3년미만,울산,금속,4,4,4,4,4,5,5
374,7년미만,경기,기계,3,3,3,3,3,3,3
375,3년미만,서울,정보,4,3,4,4,4,4,4
376,1년미만,부산,전기,4,3,5,3,3,4,5
377,3년미만,강원,정보,5,4,5,4,5,5,5
378,5년미만,경남,금속,3,3,4,2,3,4,2
379,3년미만,경기,금속,3,3,3,3,3,3,3
380,5년미만,부산,금속,3,3,5,3,3,5,5
381,1년미만,강원,섬유,3,4,5,4,4,5,4
382,3년미만,제주,기계,5,5,5,5,5,5,5
383,1년미만,경기,화공,5,5,5,5,5,5,5
384,3년미만,경남,식료,5,5,5,5,5,5,5
385,7년미만,경남,금속,4,5,5,5,5,5,5
386,1년미만,경기,유통,5,5,5,5,5,5,5
387,1년미만,경기,화공,5,5,5,5,5,5,5
388,1년미만,전북,잡화,3,3,5,3,5,5,4
389,1년미만,대구,기계,3,3,4,4,5,4,4
390,1년미만,경기,정보,4,4,5,5,5,5,5
391,1년미만,경기,금속,5,5,5,5,5,5,5
392,1년미만,경기,유통,4,4,4,,4,4,4
393,3년미만,경기,기계,5,5,5,5,5,5,5
394,1년미만,서울,섬유,4,4,5,5,4,5,5
395,1년미만,경기,전기,4,4,5,4,5,5,5
396,3년미만,부산,기계,4,3,3,5,5,5,5
397,3년미만,서울,잡화,1,1,5,5,5,5,5
398,3년미만,경기,기계,5,5,5,5,5,5,5
399,3년미만,서울,기계,4,3,5,5,5,5,5
400,1년미만,서울,전기,5,3,3,4,5,5,5
401,7년미만,광주,잡화,5,5,5,5,5,5,5
402,1년미만,경기,정보,4,4,5,5,5,5,4
403,5년미만,경기,전기,3,2,5,4,5,5,5
404,1년미만,경기,전기,3,4,5,5,4,5,5
405,3년미만,경남,화공,4,4,4,4,4,4,3
406,3년미만,대구,화공,4,4,4,4,4,5,5
407,5년미만,경북,화공,5,3,3,4,3,4,4
408,1년미만,인천,화공,3,3,4,3,4,4,4
409,3년미만,서울,기타,2,2,1,1,1,1,1
410,1년미만,경기,전자,4,4,5,5,5,5,5
411,1년미만,서울,섬유,4,4,5,5,5,5,5
412,3년미만,인천,금속,5,5,5,5,5,5,5
413,7년미만,서울,섬유,5,4,5,5,5,5,5
414,1년미만,광주,유통,4,3,3,2,3,3,4
415,3년미만,경기,기계,4,5,4,4,4,5,5
416,3년미만,충남,식료,4,4,4,4,4,4,4
417,3년미만,전북,식료,4,3,3,5,4,5,5
418,3년미만,서울,잡화,5,5,5,5,5,5,5
419,3년미만,경기,전자,4,4,5,5,5,5,5
420,1년미만,전남,유통,3,2,4,2,2,4,3
421,5년미만,경기,기계,3,3,4,3,3,3,3
422,1년미만,경기,화공,5,5,5,5,5,5,5
423,3년미만,경기,화공,2,3,5,4,4,5,4
424,1년미만,경기,전기,3,4,5,4,3,4,4
425,3년미만,울산,정보,4,4,5,5,4,5,5
426,1년미만,서울,유통,4,3,4,4,4,5,5
427,1년미만,경기,식료,1,3,5,5,5,5,5
428,5년미만,경기,전자,3,3,5,5,5,5,5
429,3년미만,경기,기계,5,3,3,4,5,5,5
430,3년미만,경기,기계,4,4,4,4,4,4,4
431,1년미만,경기,식료,4,3,3,3,3,3,3
432,1년미만,경기,전기,4,4,4,4,4,4,4
433,1년미만,전북,기타,5,5,5,5,5,5,5
434,5년미만,인천,금속,2,3,3,3,3,4,4
435,5년미만,대전,금속,3,3,3,3,4,4,4
436,1년미만,충남,전기,4,3,5,2,4,5,5
437,1년미만,부산,잡화,5,5,5,5,5,5,5
438,3년미만,경기,기타,5,5,5,5,5,5,5
439,1년미만,대구,기타,5,4,4,4,5,5,4
440,5년미만,서울,전자,3,3,4,4,3,4,3
441,1년미만,울산,정보,4,5,5,5,4,3,3
442,3년미만,경북,화공,4,3,5,5,5,5,5
443,5년미만,경기,금속,5,5,2,4,5,5,5
444,1년미만,전북,기계,4,4,4,4,4,4,4
445,1년미만,경기,유통,3,3,3,3,3,3,3
446,3년미만,부산,기타,4,4,4,4,5,5,4
447,5년미만,서울,기계,4,4,4,4,4,4,4
448,3년미만,경기,전기,4,4,5,5,4,5,5
449,1년미만,경기,기계,3,3,5,5,5,5,5
450,3년미만,충남,금속,3,4,5,2,5,5,5
451,3년미만,서울,기타,5,4,5,5,4,5,4
452,3년미만,서울,유통,4,4,5,5,5,5,5
453,5년미만,경기,정보,4,2,3,4,5,5,4
454,1년미만,경기,화공,5,5,5,5,5,5,5
455,1년미만,충북,정보,4,4,4,4,4,4,4
456,3년미만,울산,기계,4,4,4,4,4,4,4
457,1년미만,서울,정보,4,3,4,5,5,5,5
458,1년미만,서울,정보,5,3,5,5,4,5,3
459,3년미만,서울,정보,5,5,5,5,5,5,5
460,7년미만,전남,식료,5,5,5,5,5,5,4
461,1년미만,부산,화공,4,3,4,3,4,4,4
462,1년미만,경기,기계,4,4,4,5,4,5,4
463,1년미만,경기,전기,4,4,5,5,5,5,5
464,1년미만,경남,전기,3,3,5,3,5,5,3
465,7년미만,서울,기타,4,4,5,3,3,5,5
466,1년미만,인천,기타,4,3,5,5,5,5,5
467,1년미만,서울,잡화,4,3,4,4,4,5,4
468,1년미만,경남,금속,4,5,5,5,3,5,5
469,5년미만,서울,유통,4,4,4,4,4,5,4
470,1년미만,인천,기계,5,5,5,5,5,5,5
471,3년미만,제주,유통,4,4,4,5,5,5,5
472,1년미만,경남,정보,5,5,5,5,5,5,5
473,1년미만,인천,유통,4,4,4,4,4,4,4
474,1년미만,서울,유통,4,4,4,3,5,5,5
475,3년미만,대구,기계,5,4,5,,4,5,5
476,3년미만,서울,기타,4,5,4,4,4,5,5
477,5년미만,대구,잡화,3,3,4,4,4,4,4
478,1년미만,부산,전기,2,3,3,4,5,5,5
479,1년미만,경기,전자,3,3,4,5,4,4,4
480,1년미만,충남,식료,5,5,5,5,5,5,5
481,1년미만,경기,기계,3,3,3,3,3,3,3
482,1년미만,전남,전자,1,1,1,5,5,5,5
483,1년미만,충북,잡화,4,4,3,4,4,4,4
484,5년미만,전북,전기,5,5,5,4,5,5,5
485,1년미만,경기,잡화,1,3,3,4,4,4,3
486,7년미만,서울,유통,3,3,4,5,5,5,4
487,3년미만,경기,기타,4,5,4,4,4,5,5
488,1년미만,충북,화공,5,4,4,4,4,5,5
489,3년미만,서울,잡화,3,3,3,3,3,3,3
490,1년미만,강원,기타,5,5,5,5,5,5,3
491,1년미만,서울,기타,3,2,4,4,4,4,3
492,1년미만,경기,전자,3,3,4,5,5,5,5
493,3년미만,인천,기계,3,3,5,5,5,5,5
494,5년미만,경기,유통,4,4,3,3,4,4,3
495,1년미만,경기,잡화,4,4,5,5,5,5,5
496,3년미만,경기,유통,4,4,5,5,5,5,5
497,1년미만,경기,화공,4,4,5,4,5,5,4
498,3년미만,서울,기타,3,3,4,4,4,5,4
499,5년미만,경기,기타,5,5,5,5,5,5,5
500,7년미만,경기,화공,3,3,5,5,5,5,5
501,1년미만,서울,잡화,5,4,5,5,5,5,5
502,3년미만,경북,유통,5,5,5,5,5,5,5
503,1년미만,대전,유통,5,5,5,5,5,4,1
504,5년미만,서울,잡화,2,2,3,3,4,4,4
505,1년미만,대전,전기,4,4,5,5,5,5,5
506,1년미만,경남,화공,4,4,3,4,4,5,4
507,5년미만,경기,기계,4,4,3,3,4,5,3
508,1년미만,경기,화공,5,5,5,5,5,5,5
509,5년미만,서울,기타,2,2,3,3,3,4,5
510,1년미만,서울,전기,4,5,4,4,4,5,3
511,3년미만,경기,금속,4,4,4,4,4,4,4
512,1년미만,충북,기계,5,5,,5,5,5,5
513,1년미만,경기,금속,4,4,3,4,4,4,4
514,3년미만,경기,정보,4,4,4,4,4,5,5
515,3년미만,서울,기계,4,3,3,3,3,4,3
516,1년미만,전북,금속,4,4,4,4,4,4,4
517,1년미만,경기,기계,5,5,5,5,5,5,3
518,3년미만,경기,화공,3,3,4,4,4,4,4
519,5년미만,인천,유통,5,5,5,5,5,5,5
520,3년미만,광주,금속,5,5,5,5,5,3,5
521,3년미만,전남,화공,5,5,5,5,5,5,5
522,1년미만,광주,유통,5,5,5,5,5,5,5
523,3년미만,서울,정보,3,3,5,5,5,5,5
524,1년미만,서울,잡화,5,4,5,5,5,5,5
525,3년미만,인천,전자,4,5,5,4,4,5,5
526,1년미만,울산,금속,5,5,5,5,5,5,5
527,1년미만,대전,전자,3,3,4,4,4,5,4
528,5년미만,전남,기타,3,4,4,4,4,4,4
529,3년미만,서울,기타,5,5,5,5,5,5,5
530,1년미만,대구,섬유,4,3,3,4,5,5,4
531,3년미만,경기,금속,5,5,5,5,5,5,5
532,5년미만,서울,유통,4,4,3,5,4,5,4
533,3년미만,강원,기타,5,4,5,4,4,5,5
534,3년미만,서울,정보,4,4,4,4,4,4,4
535,1년미만,경기,전자,4,3,4,4,4,5,5
536,1년미만,부산,금속,4,2,3,4,2,4,4
537,1년미만,경기,잡화,4,4,4,4,4,5,5
538,3년미만,전북,기타,4,3,4,5,5,5,4
539,1년미만,인천,기계,3,3,3,4,3,4,5
540,3년미만,경기,기계,4,3,4,4,4,5,4
541,1년미만,서울,섬유,4,3,3,3,3,3,3
542,3년미만,경남,금속,3,3,4,3,4,4,4
543,5년미만,대구,잡화,4,4,4,4,4,5,4
544,1년미만,대구,전자,4,4,4,4,4,4,4
545,3년미만,경기,정보,3,3,3,3,3,3,3
546,1년미만,대구,유통,4,4,4,4,4,5,4
547,3년미만,경기,잡화,3,3,5,5,3,3,3
548,1년미만,서울,정보,5,5,5,5,5,5,5
549,5년미만,대구,유통,4,4,3,3,3,5,4
550,3년미만,강원,금속,4,4,4,4,3,4,4
551,1년미만,서울,전자,5,5,5,5,5,5,5
552,1년미만,경기,정보,4,4,5,5,5,5,5
553,1년미만,제주,전기,4,3,4,4,4,5,4
554,5년미만,울산,기계,4,4,4,3,1,1,3
555,1년미만,대전,정보,4,4,5,5,5,5,5
556,3년미만,경기,기계,4,4,5,5,5,5,5
557,1년미만,부산,전기,2,3,3,3,3,3,4
558,3년미만,경기,전기,3,4,4,4,3,4,4
559,5년미만,서울,잡화,5,5,5,5,5,5,5
560,3년미만,경기,식료,5,5,5,5,5,5,5
561,1년미만,울산,기계,5,5,5,5,5,5,5
562,1년미만,서울,잡화,5,3,3,3,5,5,5
563,3년미만,전남,섬유,5,5,5,5,4,5,5
564,1년미만,대전,전자,3,3,4,4,4,3,4
565,1년미만,서울,전기,4,4,4,4,4,4,4
566,1년미만,경기,잡화,3,3,3,4,3,4,4
567,3년미만,경기,화공,3,3,3,3,3,3,3
568,1년미만,서울,금속,4,5,,4,4,5,5
569,1년미만,인천,금속,3,3,3,4,4,4,3
570,1년미만,경남,기계,4,4,4,4,4,4,4
571,1년미만,경기,기계,5,4,5,4,4,5,5
572,5년미만,경기,전기,3,3,4,4,4,5,4
573,1년미만,강원,잡화,3,3,4,4,3,3,4
574,3년미만,울산,유통,4,4,4,4,4,4,4
575,5년미만,경기,유통,5,3,3,3,3,4,4
576,1년미만,경기,금속,2,3,3,3,3,3,3
577,5년미만,대구,섬유,4,,5,4,4,5,
578,1년미만,충남,금속,5,5,5,5,5,5,5
579,1년미만,충북,전기,4,3,3,4,4,5,4
580,3년미만,경기,금속,4,4,4,4,5,5,5
581,5년미만,경남,잡화,4,4,5,4,4,5,4
582,1년미만,부산,유통,5,4,5,5,5,5,4
583,3년미만,경기,화공,4,5,4,3,4,5,5
584,1년미만,서울,유통,3,3,4,3,4,4,4
585,1년미만,경기,유통,5,5,5,5,5,5,5
586,5년미만,경기,화공,4,3,3,4,5,5,5
587,1년미만,전남,기계,4,4,5,4,4,4,4
588,3년미만,경기,기계,3,3,5,4,4,4,4
589,1년미만,경기,기계,5,4,4,5,5,5,4
590,1년미만,서울,전자,4,3,3,3,4,5,4
591,1년미만,경기,금속,4,3,3,3,3,4,4
592,1년미만,인천,화공,5,5,4,4,5,5,5
593,3년미만,경기,기계,1,1,1,2,5,5,5
594,1년미만,경기,잡화,5,5,5,5,5,5,5
595,1년미만,경기,잡화,5,5,5,5,5,5,5
596,1년미만,서울,기타,5,5,5,5,5,5,5
597,1년미만,서울,정보,3,4,4,4,3,4,4
598,5년미만,대전,유통,3,3,3,3,3,3,3
599,5년미만,서울,기타,3,3,4,4,4,5,4
600,5년미만,인천,전자,4,3,5,3,5,5,5
601,1년미만,부산,전기,4,4,5,5,4,4,4
602,1년미만,경기,잡화,5,5,5,5,5,5,5
603,3년미만,서울,섬유,4,4,5,4,5,5,5
604,1년미만,서울,정보,3,3,3,3,4,5,4
605,3년미만,서울,화공,5,5,5,5,5,5,5
606,3년미만,서울,정보,3,3,5,5,4,5,5
607,5년미만,경기,유통,5,3,5,5,5,5,5
608,3년미만,경남,식료,3,4,3,3,3,3,3
609,5년미만,경기,기계,5,4,4,3,4,3,4
610,7년미만,경북,금속,5,5,5,5,5,5,5
611,1년미만,경기,화공,4,4,4,4,4,4,4
612,1년미만,서울,잡화,5,5,5,5,5,5,5
613,1년미만,경기,기타,5,5,5,5,5,5,5
614,1년미만,서울,유통,4,3,4,3,4,5,3
615,7년미만,울산,잡화,4,4,4,4,4,4,4
616,1년미만,서울,화공,3,2,4,4,3,5,4
617,1년미만,강원,유통,3,3,4,4,4,4,4
618,5년미만,인천,금속,5,5,5,5,5,5,5
619,1년미만,서울,기타,3,3,3,3,3,3,3
620,1년미만,전남,기계,1,1,1,1,1,1,1
621,5년미만,전남,기타,3,3,3,3,3,5,5
622,1년미만,경기,금속,4,4,4,4,4,4,4
623,3년미만,경기,유통,4,5,5,5,5,5,5
624,1년미만,서울,기타,4,5,4,4,5,5,5
625,1년미만,전남,금속,5,3,5,5,5,5,5
626,5년미만,충남,전기,4,3,5,5,5,5,5
627,1년미만,경남,금속,4,4,5,2,4,5,5
628,1년미만,인천,유통,5,5,5,5,5,5,5
629,1년미만,서울,유통,5,5,5,5,5,5,5
630,1년미만,경기,기계,3,3,3,3,3,4,4
631,3년미만,충북,화공,2,2,2,2,2,3,2
632,3년미만,경기,화공,5,4,5,5,4,5,5
633,3년미만,경기,화공,4,4,4,4,4,4,4
634,3년미만,경기,섬유,4,3,,5,5,5,5
635,1년미만,경기,기타,2,5,5,5,4,5,5
636,3년미만,서울,유통,5,5,5,5,5,5,5
637,1년미만,부산,섬유,3,4,5,5,5,5,5
638,5년미만,경기,전기,5,5,5,5,5,5,5
639,3년미만,경기,섬유,3,3,3,3,3,3,3
640,7년미만,경기,화공,3,3,3,3,3,3,3
641,3년미만,서울,정보,3,3,4,5,5,5,4
642,5년미만,경기,기계,2,3,3,3,3,3,4
643,3년미만,충북,유통,4,4,4,4,4,4,4
644,1년미만,울산,정보,4,4,5,5,5,5,5
645,1년미만,인천,기타,5,3,3,3,3,5,5
646,1년미만,경남,금속,2,2,5,5,5,5,5
647,5년미만,전북,유통,3,3,4,5,4,4,3
648,1년미만,경기,기계,4,4,4,4,4,4,4
649,1년미만,전북,잡화,3,5,5,5,3,5,5
650,3년미만,대전,정보,3,3,5,4,5,5,5
651,3년미만,서울,유통,4,4,5,5,5,5,3
652,3년미만,충남,잡화,4,4,4,4,4,4,4
653,1년미만,경기,식료,,,,,,5,
654,3년미만,서울,유통,5,4,5,5,5,5,5
655,5년미만,경기,금속,4,4,4,4,4,4,4
656,3년미만,서울,정보,5,4,1,1,5,5,5
657,5년미만,경기,잡화,4,4,5,3,4,5,5
658,1년미만,경기,잡화,3,3,3,3,3,3,3
659,5년미만,대전,잡화,4,4,5,5,5,5,5
660,5년미만,경기,유통,4,4,4,4,4,4,4
661,7년미만,서울,유통,3,3,3,3,3,4,3
662,3년미만,경남,잡화,4,4,5,5,5,5,5
663,3년미만,경기,잡화,5,5,5,5,5,5,5
664,1년미만,광주,유통,5,4,5,5,4,5,5
665,1년미만,인천,기계,3,3,3,3,3,3,3
666,1년미만,광주,잡화,3,3,4,4,3,4,4
667,3년미만,충남,유통,3,4,5,4,5,5,5
668,5년미만,인천,금속,4,4,4,4,4,4,4
669,1년미만,경기,금속,4,4,4,4,4,5,5
670,3년미만,부산,금속,4,4,4,3,4,4,4
671,1년미만,충북,잡화,4,4,5,4,4,5,5
672,5년미만,경기,잡화,4,4,4,4,5,5,4
673,3년미만,경기,금속,4,4,4,4,4,4,4
674,3년미만,부산,전기,4,4,4,4,4,5,4
675,5년미만,부산,금속,4,3,5,5,5,5,3
676,7년미만,서울,유통,3,3,3,3,3,3,3
677,1년미만,광주,기계,5,5,5,5,5,5,5
678,1년미만,인천,전기,3,,,,,3,3
679,1년미만,경기,금속,4,4,4,4,4,4,4
680,1년미만,경북,금속,,,5,5,5,5,5
681,3년미만,부산,기계,3,5,5,5,3,4,4
682,1년미만,인천,유통,5,5,5,5,5,5,5
683,1년미만,부산,화공,5,3,4,4,4,5,5
684,3년미만,경북,섬유,5,4,4,3,4,4,4
685,1년미만,부산,기타,4,2,5,3,5,5,5
686,3년미만,충북,화공,5,5,5,5,5,5,5
687,5년미만,경기,화공,3,4,4,4,4,4,4
688,1년미만,경기,전기,2,2,4,,4,4,4
689,1년미만,경남,식료,4,4,4,5,4,5,4
690,3년미만,경기,전기,3,3,3,3,3,5,4
691,7년미만,경기,전자,4,4,5,4,4,5,5
692,1년미만,경북,유통,4,3,4,4,4,5,4
693,5년미만,경기,유통,5,3,5,3,5,5,5
694,5년미만,경북,유통,5,5,5,5,5,5,5
695,5년미만,서울,전기,3,3,2,4,4,5,3
696,5년미만,서울,유통,4,3,4,4,4,4,3
697,3년미만,경남,잡화,5,4,5,5,4,5,4
698,1년미만,경기,기타,5,5,5,4,4,5,5
699,5년미만,울산,유통,5,4,4,4,4,5,4
700,1년미만,울산,유통,3,3,3,3,3,3,3
701,7년미만,서울,금속,5,5,5,5,5,5,5
702,3년미만,서울,전자,4,3,4,4,4,4,4
703,3년미만,서울,잡화,3,3,5,5,4,5,4
704,1년미만,부산,화공,3,3,3,2,2,2,3
705,3년미만,경기,유통,2,2,2,2,2,2,2
706,1년미만,경기,유통,5,5,4,4,5,5,4
707,3년미만,경남,유통,4,4,4,4,4,4,4
708,3년미만,경남,유통,4,5,5,5,5,5,5
709,3년미만,제주,유통,2,2,2,2,2,2,2
710,1년미만,전북,기계,3,3,3,3,3,3,3
711,1년미만,경기,금속,3,3,3,3,3,3,3
712,7년미만,경기,전기,4,3,5,5,5,5,4
713,1년미만,경기,기계,4,4,4,3,4,4,4
714,1년미만,경기,유통,3,4,4,4,4,4,3
715,1년미만,경기,금속,4,4,5,5,5,5,5
716,1년미만,충남,전자,4,4,5,4,5,5,5
717,1년미만,인천,기타,5,5,5,5,5,5,5
718,1년미만,경남,기계,4,4,5,4,5,5,5
719,5년미만,서울,화공,4,3,4,3,4,5,5
720,3년미만,세종,금속,3,4,3,3,3,2,2
721,1년미만,충남,기계,5,5,5,5,5,5,5
722,1년미만,인천,전기,4,5,5,4,4,5,5
723,5년미만,대구,정보,5,4,5,4,5,5,5
724,1년미만,전북,유통,4,4,5,4,4,5,4
725,3년미만,서울,정보,4,4,3,3,4,5,3
726,1년미만,경기,정보,4,3,5,4,3,4,4
727,1년미만,대전,정보,3,3,3,5,5,5,5
728,1년미만,경남,정보,5,3,5,5,5,5,5
729,1년미만,경남,화공,5,4,5,4,4,5,4
730,1년미만,부산,전기,4,5,3,4,5,5,5
731,7년미만,경기,기계,5,4,5,4,3,5,3
732,3년미만,서울,정보,2,3,5,5,5,5,5
733,1년미만,경기,기계,5,3,3,3,5,3,3
734,1년미만,인천,금속,4,4,4,5,5,5,5
735,1년미만,서울,정보,3,2,5,4,4,5,4
736,7년미만,경북,유통,4,4,4,5,4,4,4
737,3년미만,대전,기계,4,4,5,5,5,5,5
738,1년미만,부산,화공,5,5,5,5,5,5,5
739,1년미만,경기,기계,5,4,5,5,5,5,5
740,1년미만,인천,기계,4,4,4,4,4,5,5
741,1년미만,서울,전기,3,4,4,4,5,5,3
742,3년미만,경기,화공,3,2,3,3,2,4,4
743,5년미만,경기,화공,5,4,5,5,5,5,5
744,3년미만,서울,유통,3,3,3,3,3,3,3
745,1년미만,울산,기계,5,5,5,5,5,5,5
746,1년미만,인천,정보,3,3,3,3,4,4,3
747,5년미만,대전,금속,5,5,5,5,5,5,5
748,3년미만,인천,화공,3,3,3,3,3,5,5
749,3년미만,인천,잡화,3,3,3,3,3,3,3
750,3년미만,서울,정보,4,4,4,4,4,4,4
751,1년미만,대전,기계,3,3,3,3,3,3,3
752,1년미만,서울,기계,4,4,4,4,4,4,4
753,1년미만,부산,전기,3,4,4,3,3,4,4
754,1년미만,경기,화공,3,3,5,5,5,5,5
755,1년미만,충북,잡화,3,3,4,4,4,4,4
756,5년미만,인천,화공,5,5,4,4,4,4,4
757,1년미만,경기,잡화,3,3,3,3,3,3,3
758,1년미만,강원,정보,4,5,5,5,5,5,5
759,1년미만,부산,식료,4,3,3,4,5,5,4
760,1년미만,경기,전자,4,4,4,4,4,4,5
761,5년미만,경기,화공,3,3,3,3,3,3,3
762,7년미만,인천,잡화,4,4,4,4,4,5,5
763,5년미만,광주,전자,3,3,3,3,3,3,3
764,5년미만,울산,기계,4,3,3,3,3,4,3
765,1년미만,서울,섬유,5,5,4,4,4,5,5
766,7년미만,경남,유통,5,5,5,5,5,5,5
767,3년미만,경남,금속,5,4,5,4,4,5,4
768,5년미만,경기,기타,3,3,4,4,4,4,4
769,5년미만,부산,전기,4,5,5,4,5,5,5
770,3년미만,경기,전자,5,5,5,5,5,5,5
771,5년미만,경기,화공,4,4,5,4,4,5,5
772,1년미만,경기,기계,4,4,5,4,4,5,4
773,3년미만,인천,전기,4,4,4,4,4,4,4
774,1년미만,부산,기타,3,3,4,4,5,5,5
775,1년미만,경기,화공,4,3,5,4,4,5,5
776,3년미만,전북,기계,5,4,4,4,4,5,4
777,5년미만,광주,기계,5,5,5,5,5,5,5
778,1년미만,부산,잡화,4,4,2,4,2,4,4
779,7년미만,경남,유통,5,5,5,4,4,5,5
780,5년미만,부산,섬유,4,4,4,3,3,4,4
781,1년미만,경북,금속,3,3,3,4,4,5,3
782,5년미만,대전,잡화,3,2,3,3,3,4,4
783,1년미만,부산,잡화,5,4,3,3,4,5,5
784,1년미만,전남,기계,4,4,4,4,4,4,3
785,5년미만,서울,화공,4,4,3,3,3,4,4
786,1년미만,경기,잡화,5,5,5,5,5,5,5
787,3년미만,전북,유통,3,3,2,5,5,5,5
788,5년미만,서울,정보,3,3,4,4,3,5,4
789,3년미만,경기,잡화,3,3,4,3,4,4,3
790,3년미만,서울,정보,4,4,4,4,4,4,4
791,1년미만,인천,식료,5,,,,,,
792,3년미만,대구,금속,4,5,4,4,4,4,3
793,1년미만,부산,금속,5,4,5,5,5,5,5
794,3년미만,부산,유통,5,5,5,5,5,5,5
795,1년미만,제주,전기,3,4,4,4,5,5,5
796,7년미만,서울,전자,5,5,5,5,5,5,5
797,3년미만,서울,유통,4,3,3,3,4,4,4
798,5년미만,서울,유통,3,3,3,3,3,2,3
799,5년미만,인천,전기,5,3,3,3,3,5,5
800,5년미만,대구,기타,3,3,5,4,4,4,4
801,3년미만,경기,기계,4,3,3,2,3,5,4
802,3년미만,서울,정보,5,5,5,5,5,5,5
803,1년미만,전남,기타,4,3,4,4,4,5,4
804,1년미만,경기,금속,4,4,4,4,4,4,4
805,3년미만,서울,유통,3,3,3,3,4,5,3
806,3년미만,경기,유통,5,5,5,5,5,5,5
807,3년미만,대구,금속,4,4,4,4,4,4,4
808,1년미만,서울,정보,4,4,5,3,4,5,5
809,3년미만,경기,유통,4,4,5,5,5,5,5
810,1년미만,부산,기계,4,3,4,4,5,5,4
811,5년미만,경기,금속,4,4,4,4,4,4,4
812,5년미만,경기,기계,5,5,5,5,5,5,4
813,5년미만,경기,금속,4,4,4,4,4,4,4
814,1년미만,경남,금속,4,4,4,4,4,4,4
815,3년미만,부산,유통,4,4,5,5,5,5,5
816,3년미만,인천,기계,5,5,5,5,5,5,5
817,1년미만,서울,유통,4,4,4,4,4,4,5
818,1년미만,경북,금속,4,3,5,4,4,5,5
819,3년미만,충남,식료,4,4,4,3,4,5,5
820,3년미만,경남,전기,5,5,5,5,5,5,5
821,1년미만,경기,금속,5,5,5,5,5,5,5
822,5년미만,대전,정보,4,5,5,4,4,4,4
823,3년미만,경기,화공,4,2,4,3,4,4,4
824,1년미만,울산,유통,4,4,5,5,4,4,4
825,1년미만,경기,잡화,3,3,3,3,3,3,3
826,1년미만,전남,화공,4,3,3,3,4,5,4
827,1년미만,경기,화공,5,5,5,5,5,5,5
828,5년미만,경기,화공,4,3,3,4,3,4,4
829,1년미만,충남,금속,3,3,3,3,3,3,3
830,1년미만,전북,유통,3,3,3,3,2,4,3
831,3년미만,서울,유통,5,5,5,5,5,5,5
832,3년미만,경기,기계,4,4,5,5,4,5,5
833,1년미만,서울,전자,4,4,4,4,4,4,4
834,1년미만,서울,기계,4,3,4,4,4,5,4
835,3년미만,서울,유통,4,5,5,4,5,5,5
836,5년미만,서울,유통,4,5,4,4,4,5,4
837,1년미만,서울,정보,4,4,4,3,4,4,5
838,3년미만,경기,전기,4,4,5,3,3,5,5
839,5년미만,경기,기계,5,5,5,5,5,5,5
840,3년미만,경기,기계,4,4,5,4,4,5,4
841,1년미만,인천,잡화,5,5,5,4,4,5,4
842,1년미만,세종,정보,3,3,4,4,4,4,3
843,3년미만,대전,금속,4,4,4,4,4,4,4
844,3년미만,서울,잡화,3,3,3,3,3,4,3
845,5년미만,울산,화공,3,3,3,3,3,3,3
846,5년미만,경기,정보,4,2,3,4,4,5,4
847,3년미만,서울,식료,3,3,3,3,3,3,5
848,3년미만,경북,유통,4,4,4,4,4,4,4
849,1년미만,경기,전자,4,4,4,4,5,5,4
850,3년미만,경기,정보,3,3,5,5,5,5,5
851,1년미만,서울,잡화,3,5,5,5,5,5,5
852,3년미만,충북,금속,4,3,4,4,4,4,4
853,1년미만,서울,섬유,1,1,5,5,5,5,5
854,3년미만,서울,잡화,4,4,3,4,5,5,4
855,1년미만,인천,금속,3,3,3,3,3,3,3
856,3년미만,서울,전자,3,3,3,3,3,3,3
857,5년미만,인천,기타,5,5,5,5,5,5,5
858,5년미만,인천,유통,4,4,4,5,5,5,5
859,1년미만,부산,전기,3,3,3,3,3,3,3
860,7년미만,강원,유통,4,3,5,5,4,4,5
861,3년미만,서울,기타,4,4,4,3,4,5,4
862,1년미만,경기,섬유,5,5,5,5,5,5,5
863,7년미만,경남,잡화,4,5,4,4,4,4,4
864,7년미만,인천,기계,5,5,5,5,5,5,5
865,1년미만,부산,금속,4,4,4,4,4,4,4
866,1년미만,인천,유통,4,4,4,4,3,5,5
867,3년미만,서울,유통,3,3,3,3,3,3,3
868,1년미만,대구,금속,5,4,5,4,4,3,4
869,1년미만,부산,정보,4,4,4,4,4,4,4
870,1년미만,전남,잡화,4,5,5,4,4,4,4
871,1년미만,경기,금속,4,3,4,4,4,5,5
872,7년미만,경기,화공,3,3,3,3,3,3,3
873,5년미만,서울,기타,2,3,4,4,3,4,4
874,3년미만,경북,기계,4,4,5,5,5,5,5
875,1년미만,경기,유통,5,4,5,5,4,5,5
876,3년미만,울산,기계,4,5,5,5,5,5,5
877,3년미만,부산,화공,4,4,4,4,4,4,4
878,3년미만,부산,기타,3,3,4,4,4,4,4
879,1년미만,경기,기계,5,3,5,5,5,5,4
880,1년미만,경기,섬유,3,3,3,3,3,3,3
881,3년미만,경기,전기,5,4,4,4,5,5,5
882,3년미만,경기,정보,3,5,2,3,5,5,5
883,1년미만,서울,기타,3,3,4,3,3,3,4
884,3년미만,경남,화공,5,4,4,4,5,5,3
885,7년미만,서울,유통,5,5,5,5,5,5,5
886,1년미만,경기,기계,3,3,3,3,3,3,3
887,7년미만,경기,잡화,3,3,3,3,3,3,3
888,3년미만,부산,잡화,5,5,4,4,4,5,5
889,1년미만,경남,금속,4,4,5,5,5,5,4
890,1년미만,부산,금속,5,5,5,5,5,5,5
891,3년미만,서울,전기,4,4,4,4,4,5,5
892,1년미만,충북,식료,4,4,4,4,4,4,4
893,1년미만,경북,화공,3,3,3,3,3,3,4
894,1년미만,서울,유통,4,4,4,4,4,5,5
895,3년미만,부산,잡화,4,5,5,4,5,5,5
896,5년미만,부산,기타,3,4,3,4,3,3,3
897,5년미만,인천,금속,5,5,5,5,5,5,4
898,3년미만,부산,화공,3,3,3,4,4,5,5
899,7년미만,경북,금속,5,5,5,5,5,5,5
900,3년미만,경기,유통,5,4,4,4,4,5,5
901,3년미만,충남,금속,4,4,4,4,4,4,4
902,1년미만,부산,식료,4,4,4,3,3,4,4
903,1년미만,경기,화공,5,5,5,5,5,5,5
904,3년미만,경기,유통,5,5,5,5,5,5,5
905,1년미만,부산,금속,4,4,4,4,4,4,4
906,1년미만,울산,기타,4,4,5,4,4,5,5
907,5년미만,전남,금속,5,5,5,5,4,5,5
908,1년미만,경기,기계,4,4,4,4,4,4,4
909,1년미만,경북,화공,4,4,4,4,4,4,4
910,1년미만,경남,금속,5,5,5,5,5,5,5
911,1년미만,광주,식료,3,3,3,3,3,4,4
912,1년미만,경기,금속,3,4,5,5,4,5,4
913,1년미만,충남,유통,4,3,5,5,5,5,5
914,5년미만,대전,유통,4,4,3,3,3,3,4
915,1년미만,서울,화공,5,4,4,5,5,5,4
916,1년미만,경기,전자,5,5,5,5,5,5,5
917,1년미만,경기,화공,4,3,5,5,5,5,4
918,3년미만,서울,기타,5,5,5,4,4,5,5
919,3년미만,서울,기타,5,4,5,5,5,5,5
920,1년미만,경남,기계,3,3,3,3,3,4,3
921,3년미만,강원,식료,4,4,3,3,4,4,4
922,1년미만,강원,정보,4,3,5,5,4,5,5
923,1년미만,부산,섬유,4,5,5,3,3,5,3
924,1년미만,전남,화공,4,4,4,4,4,4,4
925,1년미만,부산,금속,4,5,3,,,,
