일련번호,업력,지역,업종,애로상담 및 멘토링,"세무, 회계, 법무 등의 전문 서비스 지원",신용등급 향상지원 서비스,이행보증보험증권 연계 발급 지원,타 기관의 재도전지원시책 연계지원,재창업자금 확대 지원,지원절차 간소화
1,1년미만,경북,섬유,중간,중간,높음,높음,높음,높음,높음
2,5년미만,경기 ,전자,중간,낮음,높음,중간,높음,매우높음,매우높음
3,3년미만,서울,유통,중간,중간,중간,중간,중간,중간,중간
4,3년미만,서울,기타,높음,중간,높음,매우높음,높음,매우높음,중간
5,3년미만,서울,정보,높음,높음,높음,중간,높음,매우높음,매우높음
6,3년미만,강원,유통,중간,중간,중간,중간,중간,중간,중간
7,1년미만,경기 ,잡화,무응답,무응답,무응답,매우높음,무응답,높음,높음
8,3년미만,서울,정보,매우높음,중간,높음,매우높음,매우높음,매우높음,높음
9,3년미만,경기 ,정보,매우높음,매우높음,매우높음,매우높음,매우높음,매우높음,매우높음
10,1년미만,경기 ,금속,매우높음,높음,높음,높음,높음,매우높음,중간
11,5년미만,서울,기계,높음,중간,매우높음,중간,높음,매우높음,높음
12,3년미만,경기 ,유통,매우낮음,높음,높음,높음,높음,높음,높음
13,1년미만,경기 ,금속,중간,낮음,높음,중간,중간,높음,높음
14,3년미만,인천,전기,낮음,중간,중간,높음,높음,매우높음,높음
15,1년미만,경기 ,전자,높음,높음,매우높음,높음,매우높음,매우높음,매우높음
16,1년미만,대구,잡화,높음,매우높음,매우높음,중간,매우높음,매우높음,높음
17,7년미만,전북,정보,매우높음,높음,높음,높음,매우높음,매우높음,매우높음
18,1년미만,경북,식료,매우높음,매우높음,매우높음,매우높음,매우높음,매우높음,높음
19,3년미만,경기 ,전자,중간,낮음,매우높음,매우높음,높음,매우높음,높음
20,3년미만,서울,화공,높음,중간,매우높음,매우높음,매우높음,매우높음,매우높음
21,3년미만,서울,전기,높음,중간,높음,높음,매우높음,매우높음,매우높음
22,3년미만,부산,기타,높음,높음,중간,중간,높음,높음,중간
23,3년미만,충북,식료,매우낮음,매우낮음,낮음,매우높음,매우높음,매우높음,매우높음
24,3년미만,경남,식료,매우높음,매우높음,매우높음,매우높음,매우높음,매우높음,매우높음
25,1년미만,강원,식료,높음,높음,매우높음,매우높음,매우높음,매우높음,매우높음
26,7년미만,서울,정보,중간,중간,매우높음,높음,매우높음,매우높음,높음
27,3년미만,대구,금속,매우높음,매우높음,매우높음,매우높음,매우높음,매우높음,매우높음
28,1년미만,대전,유통,매우높음,높음,높음,중간,높음,중간,중간
29,5년미만,경기 ,유통,매우높음,매우높음,매우높음,매우높음,매우높음,매우높음,매우높음
30,3년미만,서울,유통,매우높음,매우높음,매우높음,매우높음,매우높음,매우높음,중간
31,7년미만,경기 ,기타,높음,높음,매우높음,매우높음,매우높음,매우높음,매우높음
32,1년미만,인천,기계,매우높음,매우높음,매우높음,매우높음,매우높음,매우높음,매우높음
33,7년미만,강원,유통,높음,높음,높음,높음,높음,높음,높음
34,3년미만,충남,기계,높음,높음,높음,높음,높음,높음,높음
35,5년미만,경기 ,유통,매우높음,무응답,매우높음,매우높음,높음,높음,중간
36,5년미만,대구,섬유,중간,중간,중간,중간,중간,중간,중간
37,3년미만,경남,식료,매우높음,높음,매우높음,매우높음,매우높음,매우높음,높음
38,3년미만,경기 ,금속,높음,매우높음,매우높음,매우높음,매우높음,매우높음,매우높음
39,3년미만,서울,정보,중간,중간,매우높음,매우높음,매우높음,매우높음,매우높음
40,1년미만,경북,식료,매우높음,매우높음,매우높음,매우높음,매우높음,매우높음,매우높음
41,5년미만,충북,기계,높음,매우높음,매우높음,높음,매우높음,매우높음,매우높음
42,5년미만,대구,전자,중간,중간,중간,중간,중간,중간,중간
43,7년미만,서울,유통,무응답,무응답,무응답,무응답,무응답,매우높음,무응답
44,1년미만,서울,정보,낮음,높음,높음,높음,높음,매우높음,매우높음
45,1년미만,서울,잡화,높음,높음,높음,높음,매우높음,매우높음,높음
46,1년미만,전북,화공,높음,중간,높음,중간,높음,매우높음,매우높음
47,3년미만,서울,유통,높음,높음,높음,높음,높음,매우높음,높음
48,3년미만,경기 ,전기,높음,중간,높음,매우높음,높음,매우높음,높음
49,7년미만,전북,금속,높음,높음,높음,높음,높음,높음,높음
50,1년미만,서울,기타,높음,중간,높음,높음,높음,높음,무응답
51,1년미만,경기 ,기계,높음,높음,높음,매우높음,매우높음,매우높음,매우높음
52,1년미만,대구,식료,높음,중간,중간,높음,높음,매우높음,중간
53,3년미만,전북,기타,높음,높음,높음,매우높음,매우높음,매우높음,매우높음
54,3년미만,강원,식료,높음,높음,매우높음,높음,매우높음,매우높음,매우높음
55,1년미만,경남,금속,중간,높음,높음,중간,중간,높음,높음
56,1년미만,경기 ,화공,중간,중간,중간,중간,중간,중간,중간
57,7년미만,울산,잡화,매우높음,낮음,낮음,중간,높음,중간,중간
58,1년미만,서울,유통,낮음,낮음,높음,높음,매우높음,매우높음,매우높음
59,1년미만,경북,전자,매우높음,매우높음,매우높음,매우높음,매우높음,매우높음,매우높음
60,3년미만,경기 ,잡화,낮음,낮음,매우높음,매우높음,매우높음,매우높음,매우높음
61,3년미만,경기 ,유통,매우높음,매우높음,높음,높음,매우높음,매우높음,매우높음
62,1년미만,경북,금속,높음,중간,중간,중간,낮음,중간,중간
63,3년미만,경기 ,화공,중간,높음,높음,낮음,높음,높음,높음
64,5년미만,경기 ,금속,높음,높음,높음,높음,높음,높음,높음
65,3년미만,경북,유통,매우높음,높음,높음,높음,높음,매우높음,매우높음
66,3년미만,대전,기타,높음,높음,매우높음,매우높음,매우높음,매우높음,매우높음
67,1년미만,서울,기타,높음,높음,매우높음,매우높음,매우높음,매우높음,매우높음
68,3년미만,서울,기타,높음,낮음,매우높음,매우높음,매우높음,매우높음,매우높음
69,3년미만,광주,기계,높음,높음,높음,높음,높음,높음,높음
70,1년미만,서울,섬유,높음,중간,높음,높음,중간,높음,높음
71,1년미만,서울,정보,매우높음,매우높음,매우높음,매우높음,매우높음,매우높음,매우높음
72,3년미만,경기 ,금속,중간,중간,매우높음,높음,높음,매우높음,높음
73,3년미만,대구,금속,매우높음,중간,높음,매우높음,매우높음,매우높음,높음
74,1년미만,경기 ,유통,매우높음,무응답,매우높음,매우높음,매우높음,매우높음,무응답
75,3년미만,서울,유통,높음,높음,높음,높음,높음,높음,높음
76,5년미만,경기 ,유통,높음,높음,매우높음,높음,높음,매우높음,높음
77,3년미만,서울,정보,높음,중간,중간,높음,높음,매우높음,높음
78,3년미만,경기 ,기계,매우높음,높음,매우높음,매우높음,매우높음,매우높음,높음
79,5년미만,경기 ,식료,높음,매우높음,매우높음,높음,매우높음,매우높음,매우높음
80,1년미만,서울,정보,낮음,낮음,높음,높음,매우높음,매우높음,매우높음
81,1년미만,서울,금속,중간,중간,중간,중간,매우높음,매우높음,무응답
82,3년미만,서울,유통,높음,높음,높음,높음,높음,높음,높음
83,3년미만,서울,기계,높음,높음,높음,중간,높음,높음,높음
84,1년미만,서울,잡화,높음,중간,매우높음,매우높음,높음,높음,높음
85,5년미만,서울,전자,중간,중간,중간,중간,중간,높음,중간
86,3년미만,서울,금속,중간,중간,중간,중간,중간,중간,중간
87,5년미만,충남,기계,매우높음,중간,중간,매우높음,매우높음,매우높음,매우높음
88,1년미만,경남,섬유,매우높음,매우높음,매우높음,무응답,매우높음,매우높음,매우높음
89,7년미만,경북,잡화,높음,높음,높음,높음,높음,높음,높음
90,3년미만,서울,정보,높음,높음,높음,높음,높음,높음,높음
91,1년미만,경기 ,잡화,매우높음,낮음,매우높음,중간,매우높음,매우높음,매우높음
92,1년미만,충북,금속,높음,매우높음,높음,높음,매우높음,높음,높음
93,3년미만,서울,유통,매우높음,높음,높음,매우높음,매우높음,매우높음,매우높음
94,5년미만,서울,잡화,높음,높음,높음,높음,높음,높음,높음
95,1년미만,경기 ,잡화,매우높음,높음,매우높음,높음,높음,매우높음,중간
96,7년미만,경기 ,정보,중간,중간,중간,중간,중간,중간,중간
97,3년미만,서울,정보,낮음,중간,무응답,낮음,중간,중간,중간
98,1년미만,강원,기계,높음,높음,매우높음,높음,중간,매우높음,높음
99,5년미만,서울,유통,중간,중간,중간,중간,중간,중간,중간
100,1년미만,경기 ,화공,매우높음,높음,매우높음,매우높음,매우높음,매우높음,매우높음
101,3년미만,충남,화공,매우높음,매우높음,매우높음,높음,높음,매우높음,매우높음
102,3년미만,서울,유통,중간,중간,높음,높음,높음,매우높음,높음
103,1년미만,경북,전자,높음,높음,높음,높음,높음,높음,높음
104,3년미만,충북,기계,높음,높음,높음,중간,높음,높음,높음
105,3년미만,경북,전자,높음,매우높음,매우높음,매우높음,높음,매우높음,매우높음
106,5년미만,전북,금속,매우높음,매우높음,매우높음,매우높음,매우높음,매우높음,매우높음
107,3년미만,전북,화공,매우높음,높음,매우높음,매우높음,높음,매우높음,매우높음
108,5년미만,경남,금속,중간,낮음,낮음,중간,낮음,중간,높음
109,3년미만,서울,유통,중간,중간,중간,높음,중간,높음,높음
110,1년미만,경기 ,잡화,중간,낮음,높음,높음,중간,매우높음,높음
111,7년미만,경기 ,잡화,매우높음,매우높음,매우높음,매우높음,매우높음,매우높음,매우높음
112,5년미만,경기 ,전기,높음,높음,높음,중간,중간,중간,매우높음
113,3년미만,충남,전자,매우높음,매우높음,매우높음,매우높음,매우높음,매우높음,매우높음
114,3년미만,경기 ,기타,매우높음,매우높음,매우높음,매우높음,매우높음,매우높음,매우높음
115,3년미만,경남,기계,높음,높음,높음,높음,높음,매우높음,높음
116,3년미만,경북,금속,낮음,무응답,낮음,낮음,중간,무응답,무응답
117,1년미만,경기 ,기계,중간,중간,중간,높음,높음,높음,중간
118,5년미만,경기 ,기계,매우높음,매우높음,매우높음,매우높음,매우높음,매우높음,매우높음
119,3년미만,경기 ,유통,매우높음,중간,매우높음,매우높음,매우높음,매우높음,높음
120,3년미만,경기 ,잡화,매우높음,높음,매우높음,매우높음,매우높음,매우높음,매우높음
121,5년미만,울산,기계,매우높음,매우높음,매우높음,매우높음,높음,매우높음,매우높음
122,1년미만,강원,식료,매우높음,매우높음,매우높음,매우높음,매우높음,매우높음,매우높음
123,5년미만,대전,기계,높음,중간,중간,중간,중간,중간,중간
124,3년미만,경기 ,기계,매우낮음,중간,매우낮음,매우낮음,매우낮음,매우낮음,매우낮음
125,5년미만,세종,잡화,높음,높음,매우높음,높음,매우높음,매우높음,높음
126,1년미만,경기 ,잡화,높음,높음,높음,높음,높음,높음,높음
127,1년미만,서울,유통,매우낮음,매우낮음,매우낮음,매우낮음,매우낮음,매우낮음,중간
128,3년미만,경북,식료,높음,중간,높음,높음,높음,매우높음,매우높음
129,5년미만,서울,섬유,높음,높음,높음,높음,중간,매우높음,높음
130,1년미만,경북,전기,매우높음,높음,높음,중간,중간,매우높음,매우높음
131,5년미만,경기 ,전기,높음,높음,높음,높음,매우높음,매우높음,매우높음
132,3년미만,서울,섬유,높음,높음,높음,높음,높음,높음,높음
133,3년미만,경기 ,화공,중간,중간,높음,높음,높음,높음,높음
134,1년미만,전북,기계,낮음,낮음,낮음,높음,중간,매우높음,중간
135,5년미만,경북,기계,매우높음,매우높음,매우높음,매우높음,매우높음,매우높음,매우높음
136,3년미만,경기 ,유통,높음,무응답,중간,중간,무응답,중간,중간
137,3년미만,광주,기계,매우높음,매우높음,매우높음,매우높음,매우높음,매우높음,매우높음
138,3년미만,경기 ,기계,매우높음,높음,중간,중간,중간,높음,높음
139,3년미만,전남,유통,매우높음,높음,매우높음,매우높음,높음,높음,매우높음
140,1년미만,경기 ,잡화,중간,높음,높음,높음,중간,높음,높음
141,1년미만,충북,기계,높음,높음,높음,높음,높음,높음,높음
142,5년미만,전북,잡화,무응답,무응답,높음,높음,무응답,높음,무응답
143,1년미만,서울,잡화,높음,낮음,중간,매우높음,높음,매우높음,높음
144,7년미만,충북,전기,높음,높음,높음,높음,높음,높음,높음
145,3년미만,대전,잡화,높음,높음,높음,높음,높음,높음,높음
146,1년미만,경기 ,잡화,높음,높음,중간,높음,중간,높음,중간
147,3년미만,부산,섬유,중간,중간,중간,중간,중간,중간,중간
148,3년미만,대구,금속,높음,매우높음,매우높음,매우높음,매우높음,매우높음,매우높음
149,5년미만,전북,기계,매우높음,매우높음,매우높음,매우높음,매우높음,매우높음,매우높음
150,3년미만,대구,식료,낮음,중간,높음,높음,높음,매우높음,높음
151,5년미만,대전,기타,낮음,낮음,높음,높음,높음,매우높음,매우높음
152,3년미만,대구,유통,높음,높음,높음,매우높음,높음,매우높음,높음
153,3년미만,전남,잡화,높음,중간,중간,매우높음,매우높음,매우높음,매우높음
154,7년미만,서울,유통,중간,낮음,높음,높음,높음,매우높음,매우높음
155,1년미만,경기 ,금속,매우높음,매우높음,중간,높음,매우높음,높음,높음
156,3년미만,부산,식료,높음,높음,높음,높음,중간,높음,높음
157,5년미만,경기 ,기계,높음,높음,높음,높음,높음,매우높음,매우높음
158,3년미만,서울,기계,낮음,낮음,중간,중간,매우높음,높음,높음
159,3년미만,강원,정보,높음,중간,중간,중간,높음,매우높음,매우높음
160,5년미만,대구,잡화,매우높음,높음,매우높음,높음,매우높음,매우높음,매우높음
161,5년미만,인천,화공,중간,중간,중간,중간,중간,중간,중간
162,1년미만,울산,기계,매우높음,높음,매우높음,매우높음,매우높음,매우높음,매우높음
163,3년미만,광주,기계,매우높음,매우높음,매우높음,매우높음,매우높음,매우높음,매우높음
164,7년미만,전남,섬유,중간,중간,높음,높음,중간,매우높음,매우높음
165,3년미만,경기 ,잡화,높음,높음,매우높음,높음,높음,매우높음,높음
166,3년미만,인천,유통,높음,중간,높음,매우높음,매우높음,매우높음,매우높음
167,5년미만,충남,금속,매우높음,높음,매우높음,매우높음,매우높음,매우높음,매우높음
168,3년미만,경남,금속,높음,중간,중간,높음,중간,높음,중간
169,3년미만,경북,식료,매우높음,낮음,높음,중간,매우높음,매우높음,매우높음
170,1년미만,서울,잡화,높음,중간,중간,높음,중간,매우높음,매우높음
171,5년미만,경기 ,기계,높음,무응답,높음,높음,중간,중간,높음
172,5년미만,경남,기계,중간,중간,높음,높음,중간,중간,중간
173,1년미만,경기 ,화공,높음,높음,높음,높음,높음,높음,높음
174,1년미만,충남,기계,중간,중간,중간,중간,중간,높음,높음
175,1년미만,전북,잡화,높음,낮음,매우높음,중간,매우높음,높음,높음
176,5년미만,경기 ,잡화,높음,높음,중간,중간,높음,높음,높음
177,1년미만,부산,정보,매우높음,매우높음,매우높음,매우높음,매우높음,매우높음,매우높음
178,1년미만,제주,잡화,매우높음,매우높음,매우높음,매우높음,매우높음,매우높음,매우높음
179,3년미만,경남,화공,높음,높음,높음,무응답,무응답,매우높음,매우높음
180,5년미만,충북,유통,매우높음,매우높음,매우높음,매우높음,중간,중간,중간
181,3년미만,울산,금속,중간,중간,중간,중간,중간,중간,중간
182,5년미만,경기 ,전기,높음,중간,중간,중간,중간,중간,중간
183,1년미만,서울,정보,중간,중간,높음,높음,높음,매우높음,매우높음
184,3년미만,서울,정보,중간,낮음,중간,중간,중간,중간,낮음
185,1년미만,경남,정보,높음,높음,높음,높음,중간,높음,높음
186,1년미만,경기,정보,높음,중간,중간,중간,높음,높음,높음
187,1년미만,서울,잡화,중간,낮음,낮음,매우높음,중간,매우높음,높음
188,1년미만,경기,유통,중간,중간,매우높음,중간,중간,높음,높음
189,3년미만,서울,정보,매우높음,매우높음,매우높음,매우높음,매우높음,매우높음,매우높음
190,7년미만,인천,기계,매우높음,매우높음,매우높음,매우높음,매우높음,매우높음,매우높음
191,1년미만,서울,기타,낮음,매우낮음,높음,중간,중간,높음,중간
192,1년미만,경남,전자,중간,높음,중간,높음,중간,높음,중간
193,1년미만,경기,화공,높음,높음,높음,높음,높음,높음,높음
194,3년미만,경기,기계,낮음,낮음,중간,낮음,높음,매우높음,매우높음
195,1년미만,울산,식료,높음,높음,높음,높음,높음,높음,높음
196,3년미만,인천,식료,높음,높음,높음,매우높음,매우높음,매우높음,매우높음
197,3년미만,인천,전자,중간,높음,높음,중간,중간,매우높음,매우높음
198,1년미만,경기,화공,높음,높음,높음,높음,높음,높음,높음
199,1년미만,경남,식료,중간,중간,매우높음,중간,중간,매우높음,매우높음
200,3년미만,광주,기계,높음,높음,높음,높음,높음,매우높음,높음
201,1년미만,경기,화공,중간,중간,중간,중간,높음,높음,중간
202,1년미만,충남,기계,높음,매우높음,매우높음,매우높음,매우높음,매우높음,매우높음
203,3년미만,강원,전자,중간,중간,높음,매우높음,높음,매우높음,높음
204,1년미만,경기,유통,높음,중간,중간,높음,높음,높음,중간
205,3년미만,경기,기계,높음,높음,높음,높음,매우높음,매우높음,중간
206,3년미만,경남,기계,높음,매우높음,매우높음,높음,높음,매우높음,매우높음
207,1년미만,전북,기계,높음,매우높음,매우높음,매우높음,높음,매우높음,높음
208,5년미만,부산,화공,높음,중간,높음,중간,높음,높음,중간
209,1년미만,경북,기계,중간,낮음,매우높음,낮음,매우높음,매우높음,매우높음
210,1년미만,전북,금속,매우높음,높음,높음,높음,높음,높음,높음
211,3년미만,서울,정보,매우높음,매우높음,매우높음,매우높음,매우높음,매우높음,매우높음
212,1년미만,부산,정보,중간,중간,중간,중간,중간,중간,중간
213,1년미만,부산,금속,높음,높음,높음,중간,높음,매우높음,매우높음
214,3년미만,강원,화공,높음,높음,높음,중간,높음,높음,높음
215,7년미만,광주,화공,높음,높음,높음,높음,높음,높음,높음
216,1년미만,충남,금속,매우높음,높음,매우높음,매우높음,매우높음,매우높음,매우높음
217,3년미만,서울,정보,중간,중간,높음,매우높음,매우높음,매우높음,매우높음
218,7년미만,인천,기계,중간,중간,중간,중간,중간,높음,중간
219,3년미만,강원,화공,중간,중간,매우높음,높음,높음,매우높음,매우높음
220,1년미만,경기,기타,낮음,높음,매우높음,매우높음,높음,매우높음,매우높음
221,3년미만,서울,정보,중간,중간,높음,높음,매우높음,매우높음,높음
222,1년미만,경기,전기,매우높음,중간,매우높음,매우높음,매우높음,매우높음,높음
223,3년미만,부산,기계,높음,중간,중간,높음,중간,중간,중간
224,5년미만,경기,섬유,매우높음,매우높음,매우높음,매우높음,매우높음,매우높음,중간
225,3년미만,대구,전자,높음,낮음,매우높음,높음,높음,매우높음,높음
226,1년미만,부산,유통,높음,높음,높음,높음,높음,매우높음,높음
227,1년미만,경남,기계,매우높음,매우높음,매우높음,매우높음,매우높음,매우높음,매우높음
228,3년미만,경기,식료,중간,중간,매우높음,매우높음,매우높음,매우높음,높음
229,3년미만,충북,화공,매우높음,높음,높음,매우높음,높음,매우높음,높음
230,1년미만,전북,유통,매우높음,중간,매우높음,중간,매우높음,높음,높음
231,5년미만,울산,정보,높음,중간,매우높음,높음,무응답,높음,중간
232,7년미만,경기,화공,높음,높음,높음,높음,중간,높음,높음
233,3년미만,경북,유통,높음,높음,매우높음,매우높음,매우높음,매우높음,매우높음
234,1년미만,경기,정보,중간,중간,중간,낮음,높음,중간,중간
235,3년미만,서울,정보,높음,높음,높음,높음,높음,매우높음,매우높음
236,1년미만,경기,잡화,매우높음,높음,매우높음,매우높음,매우높음,매우높음,매우높음
237,1년미만,경기,식료,중간,낮음,중간,중간,높음,매우높음,높음
238,5년미만,충북,잡화,높음,높음,높음,높음,높음,매우높음,매우높음
239,1년미만,서울,정보,높음,높음,높음,높음,높음,높음,높음
240,3년미만,강원,전기,중간,중간,중간,중간,중간,중간,무응답
241,7년미만,서울,잡화,중간,중간,매우높음,매우높음,매우높음,매우높음,매우높음
242,1년미만,전남,기계,높음,높음,높음,매우높음,매우높음,매우높음,매우높음
243,5년미만,서울,유통,낮음,중간,높음,매우높음,높음,매우높음,매우높음
244,3년미만,충북,전자,높음,높음,높음,높음,높음,높음,높음
245,3년미만,경북,기계,중간,중간,중간,중간,중간,중간,중간
246,5년미만,경기,잡화,낮음,높음,높음,높음,높음,높음,매우높음
247,3년미만,전남,유통,매우높음,매우높음,매우높음,매우높음,매우높음,매우높음,매우높음
248,5년미만,부산,유통,높음,높음,높음,높음,높음,높음,높음
249,1년미만,경북,잡화,높음,높음,중간,중간,중간,높음,중간
250,3년미만,경남,잡화,높음,중간,낮음,중간,높음,매우높음,높음
251,3년미만,경기,전기,중간,낮음,매우높음,매우높음,매우높음,매우높음,매우높음
252,1년미만,강원,식료,매우높음,매우높음,매우높음,매우높음,중간,매우높음,매우높음
253,7년미만,경기,전기,매우높음,중간,매우높음,중간,매우높음,매우높음,중간
254,1년미만,경기,기계,높음,매우높음,매우높음,높음,매우높음,매우높음,매우높음
255,5년미만,경기,유통,높음,높음,높음,높음,높음,높음,매우높음
256,7년미만,서울,정보,높음,높음,높음,높음,높음,높음,높음
257,3년미만,경북,전기,높음,중간,중간,중간,중간,중간,높음
258,1년미만,경기,전자,중간,중간,중간,중간,중간,중간,중간
259,7년미만,서울,유통,높음,중간,높음,매우높음,매우높음,매우높음,높음
260,3년미만,경북,화공,중간,높음,높음,중간,매우높음,매우높음,매우높음
261,1년미만,부산,식료,중간,중간,높음,중간,중간,높음,높음
262,3년미만,서울,기타,높음,낮음,매우높음,매우높음,매우높음,매우높음,매우높음
263,5년미만,경기,잡화,매우높음,높음,매우높음,매우높음,매우높음,매우높음,매우높음
264,5년미만,경기,금속,중간,높음,높음,높음,높음,높음,높음
265,1년미만,서울,잡화,중간,중간,높음,높음,높음,높음,높음
266,3년미만,서울,정보,매우높음,중간,높음,중간,매우높음,매우높음,중간
267,1년미만,경기,기계,매우높음,매우높음,매우높음,매우높음,매우높음,매우높음,매우높음
268,1년미만,서울,유통,높음,높음,매우높음,중간,중간,매우높음,중간
269,5년미만,대구,기계,매우높음,높음,중간,낮음,낮음,매우높음,매우높음
270,3년미만,대구,금속,매우높음,매우높음,매우높음,매우높음,매우높음,매우높음,높음
271,3년미만,인천,전기,매우높음,매우높음,매우높음,매우높음,높음,매우높음,매우높음
272,1년미만,경기,화공,높음,높음,높음,높음,높음,높음,높음
273,5년미만,경기,금속,높음,높음,높음,높음,높음,높음,높음
274,1년미만,서울,유통,매우높음,낮음,매우높음,매우높음,매우높음,매우높음,낮음
275,1년미만,광주,기계,낮음,높음,높음,중간,중간,매우높음,중간
276,3년미만,경기,전자,매우낮음,중간,중간,중간,중간,높음,높음
277,1년미만,경기,유통,중간,중간,중간,중간,중간,낮음,중간
278,1년미만,전남,기타,매우낮음,매우낮음,높음,높음,높음,높음,높음
279,1년미만,경기,기계,중간,낮음,매우높음,높음,매우높음,매우높음,중간
280,7년미만,인천,화공,중간,중간,중간,중간,중간,중간,중간
281,3년미만,서울,유통,높음,높음,높음,높음,높음,높음,높음
282,1년미만,부산,잡화,높음,높음,매우높음,높음,매우높음,매우높음,높음
283,1년미만,강원,기계,높음,중간,높음,높음,높음,높음,높음
284,5년미만,서울,잡화,높음,높음,높음,높음,높음,높음,높음
285,3년미만,경기,기계,매우낮음,낮음,높음,매우높음,매우높음,매우높음,매우높음
286,7년미만,서울,식료,높음,높음,높음,높음,중간,높음,높음
287,3년미만,서울,섬유,매우높음,낮음,높음,중간,중간,중간,높음
288,1년미만,경기,기계,높음,높음,높음,높음,높음,높음,높음
289,3년미만,전남,금속,중간,매우낮음,매우높음,매우높음,중간,매우높음,매우높음
290,1년미만,경기,잡화,중간,매우높음,매우높음,매우높음,매우높음,매우높음,매우높음
291,5년미만,인천,전자,높음,높음,높음,높음,높음,높음,높음
292,1년미만,전남,유통,높음,높음,매우높음,매우높음,매우높음,매우높음,높음
293,1년미만,경남,금속,매우높음,매우높음,높음,매우높음,매우높음,매우높음,매우높음
294,7년미만,인천,정보,매우높음,매우높음,매우높음,매우높음,매우높음,매우높음,매우높음
295,3년미만,서울,기타,매우높음,높음,매우높음,매우높음,매우높음,매우높음,높음
296,3년미만,전남,잡화,매우높음,매우높음,매우높음,매우높음,매우높음,매우높음,매우높음
297,7년미만,충남,기계,높음,높음,높음,매우높음,높음,매우높음,매우높음
298,1년미만,경기,전기,높음,높음,매우높음,매우높음,높음,매우높음,높음
299,3년미만,전남,화공,높음,높음,높음,매우높음,높음,매우높음,높음
300,5년미만,부산,정보,중간,낮음,중간,낮음,낮음,높음,높음
301,3년미만,경북,식료,높음,높음,높음,높음,높음,높음,높음
302,3년미만,경기,기계,높음,매우높음,매우높음,매우높음,높음,높음,높음
303,7년미만,광주,잡화,낮음,높음,높음,높음,높음,매우높음,매우높음
304,3년미만,대전,전기,낮음,중간,높음,높음,높음,매우높음,매우높음
305,1년미만,부산,기타,매우높음,매우높음,높음,매우높음,높음,높음,매우높음
306,1년미만,경기,기계,매우높음,매우높음,매우높음,높음,높음,매우높음,매우높음
307,3년미만,대구,유통,중간,낮음,높음,매우높음,높음,매우높음,매우높음
308,1년미만,경기,전자,중간,높음,중간,중간,높음,높음,중간
309,1년미만,경기,정보,중간,중간,중간,중간,중간,중간,중간
310,3년미만,서울,화공,높음,높음,매우높음,높음,매우높음,매우높음,매우높음
311,3년미만,서울,유통,높음,매우높음,높음,높음,매우높음,매우높음,높음
312,3년미만,서울,전기,낮음,중간,매우높음,매우높음,매우높음,매우높음,매우높음
313,3년미만,전남,화공,매우높음,매우높음,매우높음,매우높음,매우높음,매우높음,매우높음
314,1년미만,서울,정보,중간,중간,높음,높음,매우높음,매우높음,매우높음
315,1년미만,충남,전기,중간,매우높음,매우높음,매우높음,매우높음,매우높음,매우높음
316,5년미만,광주,금속,중간,높음,중간,높음,중간,높음,무응답
317,3년미만,경기,전기,높음,높음,높음,높음,높음,매우높음,매우높음
318,3년미만,광주,기계,매우높음,매우높음,매우높음,매우높음,매우높음,매우높음,매우높음
319,7년미만,경기,금속,매우높음,매우높음,매우높음,매우높음,매우높음,매우높음,매우높음
320,5년미만,서울,유통,중간,중간,중간,중간,중간,중간,중간
321,3년미만,경기,전자,높음,높음,매우높음,높음,높음,높음,높음
322,1년미만,인천,기타,낮음,중간,중간,높음,매우높음,매우높음,중간
323,3년미만,서울,유통,낮음,중간,높음,낮음,중간,매우높음,매우높음
324,3년미만,서울,정보,중간,중간,중간,중간,중간,높음,중간
325,5년미만,경기,기계,높음,높음,높음,높음,높음,높음,높음
326,5년미만,충북,화공,중간,높음,높음,중간,중간,높음,높음
327,5년미만,경기,잡화,높음,높음,높음,중간,높음,높음,높음
328,3년미만,경기,섬유,높음,높음,높음,높음,높음,높음,높음
329,7년미만,서울,유통,높음,중간,높음,높음,높음,높음,높음
330,5년미만,대전,화공,중간,높음,높음,높음,높음,매우높음,높음
331,1년미만,전남,유통,높음,높음,높음,높음,높음,매우높음,매우높음
332,3년미만,부산,기계,높음,높음,높음,높음,높음,높음,매우높음
333,1년미만,경기,식료,높음,높음,높음,높음,높음,매우높음,매우높음
334,3년미만,서울,유통,중간,중간,중간,중간,중간,중간,중간
335,3년미만,전남,기타,높음,매우높음,매우높음,높음,매우높음,매우높음,높음
336,5년미만,경기,유통,매우높음,무응답,매우높음,매우높음,매우높음,무응답,무응답
337,3년미만,경기,잡화,높음,높음,중간,높음,높음,매우높음,높음
338,3년미만,서울,유통,높음,매우높음,중간,중간,중간,중간,높음
339,1년미만,충남,잡화,높음,무응답,무응답,무응답,무응답,무응답,무응답
340,3년미만,인천,금속,중간,중간,중간,중간,중간,중간,중간
341,3년미만,울산,기계,중간,높음,높음,매우높음,매우높음,매우높음,매우높음
342,3년미만,부산,유통,매우높음,매우높음,매우높음,매우높음,매우높음,매우높음,매우높음
343,3년미만,전북,유통,높음,중간,높음,높음,높음,높음,높음
344,5년미만,서울,화공,높음,중간,중간,높음,매우높음,높음,높음
345,5년미만,경기,화공,중간,높음,중간,중간,중간,높음,높음
346,5년미만,경기,섬유,높음,높음,높음,높음,높음,매우높음,매우높음
347,1년미만,광주,유통,매우높음,높음,높음,높음,매우높음,매우높음,중간
348,3년미만,경북,식료,높음,높음,높음,높음,높음,높음,높음
349,1년미만,전남,기타,높음,높음,높음,높음,높음,높음,높음
350,7년미만,경남,금속,높음,높음,매우높음,높음,중간,높음,매우높음
351,5년미만,서울,정보,매우낮음,매우낮음,매우높음,중간,높음,매우높음,중간
352,3년미만,경기,정보,중간,낮음,낮음,낮음,낮음,매우높음,매우높음
353,5년미만,인천,섬유,높음,높음,매우높음,높음,매우높음,매우높음,높음
354,1년미만,서울,섬유,중간,중간,중간,중간,중간,중간,중간
355,1년미만,경기,금속,중간,중간,높음,높음,중간,높음,높음
356,3년미만,인천,유통,높음,중간,매우높음,매우높음,매우높음,매우높음,매우높음
357,3년미만,경북,잡화,중간,중간,중간,중간,중간,중간,중간
358,5년미만,경남,식료,중간,중간,중간,중간,중간,중간,중간
359,3년미만,서울,유통,매우높음,매우높음,매우높음,매우높음,매우높음,매우높음,매우높음
360,3년미만,서울,유통,매우높음,매우높음,매우높음,높음,매우높음,매우높음,매우높음
361,1년미만,경기,화공,높음,높음,매우높음,높음,높음,높음,높음
362,5년미만,경기,기계,높음,높음,높음,매우높음,매우높음,매우높음,매우높음
363,3년미만,서울,기타,중간,중간,매우높음,매우높음,매우높음,매우높음,매우높음
364,3년미만,경북,섬유,낮음,낮음,높음,낮음,낮음,매우높음,높음
365,3년미만,서울,기타,매우높음,매우높음,높음,높음,높음,매우높음,매우높음
366,1년미만,강원,식료,높음,높음,높음,높음,높음,높음,높음
367,3년미만,경남,금속,중간,중간,낮음,매우높음,중간,매우높음,매우높음
368,3년미만,경기,유통,중간,중간,중간,중간,중간,중간,중간
369,3년미만,인천,섬유,높음,매우높음,매우높음,매우높음,높음,매우높음,매우높음
370,3년미만,서울,정보,중간,중간,높음,높음,높음,매우높음,매우높음
371,1년미만,경북,잡화,매우높음,매우높음,매우높음,매우높음,매우높음,매우높음,매우높음
372,5년미만,경북,화공,높음,높음,높음,높음,높음,높음,높음
373,3년미만,울산,금속,높음,높음,높음,높음,높음,매우높음,매우높음
374,7년미만,경기,기계,중간,중간,중간,중간,중간,중간,중간
375,3년미만,서울,정보,높음,중간,높음,높음,높음,높음,높음
376,1년미만,부산,전기,높음,중간,매우높음,중간,중간,높음,매우높음
377,3년미만,강원,정보,매우높음,높음,매우높음,높음,매우높음,매우높음,매우높음
378,5년미만,경남,금속,중간,중간,높음,낮음,중간,높음,낮음
379,3년미만,경기,금속,중간,중간,중간,중간,중간,중간,중간
380,5년미만,부산,금속,중간,중간,매우높음,중간,중간,매우높음,매우높음
381,1년미만,강원,섬유,중간,높음,매우높음,높음,높음,매우높음,높음
382,3년미만,제주,기계,매우높음,매우높음,매우높음,매우높음,매우높음,매우높음,매우높음
383,1년미만,경기,화공,매우높음,매우높음,매우높음,매우높음,매우높음,매우높음,매우높음
384,3년미만,경남,식료,매우높음,매우높음,매우높음,매우높음,매우높음,매우높음,매우높음
385,7년미만,경남,금속,높음,매우높음,매우높음,매우높음,매우높음,매우높음,매우높음
386,1년미만,경기,유통,매우높음,매우높음,매우높음,매우높음,매우높음,매우높음,매우높음
387,1년미만,경기,화공,매우높음,매우높음,매우높음,매우높음,매우높음,매우높음,매우높음
388,1년미만,전북,잡화,중간,중간,매우높음,중간,매우높음,매우높음,높음
389,1년미만,대구,기계,중간,중간,높음,높음,매우높음,높음,높음
390,1년미만,경기,정보,높음,높음,매우높음,매우높음,매우높음,매우높음,매우높음
391,1년미만,경기,금속,매우높음,매우높음,매우높음,매우높음,매우높음,매우높음,매우높음
392,1년미만,경기,유통,높음,높음,높음,무응답,높음,높음,높음
393,3년미만,경기,기계,매우높음,매우높음,매우높음,매우높음,매우높음,매우높음,매우높음
394,1년미만,서울,섬유,높음,높음,매우높음,매우높음,높음,매우높음,매우높음
395,1년미만,경기,전기,높음,높음,매우높음,높음,매우높음,매우높음,매우높음
396,3년미만,부산,기계,높음,중간,중간,매우높음,매우높음,매우높음,매우높음
397,3년미만,서울,잡화,매우낮음,매우낮음,매우높음,매우높음,매우높음,매우높음,매우높음
398,3년미만,경기,기계,매우높음,매우높음,매우높음,매우높음,매우높음,매우높음,매우높음
399,3년미만,서울,기계,높음,중간,매우높음,매우높음,매우높음,매우높음,매우높음
400,1년미만,서울,전기,매우높음,중간,중간,높음,매우높음,매우높음,매우높음
401,7년미만,광주,잡화,매우높음,매우높음,매우높음,매우높음,매우높음,매우높음,매우높음
402,1년미만,경기,정보,높음,높음,매우높음,매우높음,매우높음,매우높음,높음
403,5년미만,경기,전기,중간,낮음,매우높음,높음,매우높음,매우높음,매우높음
404,1년미만,경기,전기,중간,높음,매우높음,매우높음,높음,매우높음,매우높음
405,3년미만,경남,화공,높음,높음,높음,높음,높음,높음,중간
406,3년미만,대구,화공,높음,높음,높음,높음,높음,매우높음,매우높음
407,5년미만,경북,화공,매우높음,중간,중간,높음,중간,높음,높음
408,1년미만,인천,화공,중간,중간,높음,중간,높음,높음,높음
409,3년미만,서울,기타,낮음,낮음,매우낮음,매우낮음,매우낮음,매우낮음,매우낮음
410,1년미만,경기,전자,높음,높음,매우높음,매우높음,매우높음,매우높음,매우높음
411,1년미만,서울,섬유,높음,높음,매우높음,매우높음,매우높음,매우높음,매우높음
412,3년미만,인천,금속,매우높음,매우높음,매우높음,매우높음,매우높음,매우높음,매우높음
413,7년미만,서울,섬유,매우높음,높음,매우높음,매우높음,매우높음,매우높음,매우높음
414,1년미만,광주,유통,높음,중간,중간,낮음,중간,중간,높음
415,3년미만,경기,기계,높음,매우높음,높음,높음,높음,매우높음,매우높음
416,3년미만,충남,식료,높음,높음,높음,높음,높음,높음,높음
417,3년미만,전북,식료,높음,중간,중간,매우높음,높음,매우높음,매우높음
418,3년미만,서울,잡화,매우높음,매우높음,매우높음,매우높음,매우높음,매우높음,매우높음
419,3년미만,경기,전자,높음,높음,매우높음,매우높음,매우높음,매우높음,매우높음
420,1년미만,전남,유통,중간,낮음,높음,낮음,낮음,높음,중간
421,5년미만,경기,기계,중간,중간,높음,중간,중간,중간,중간
422,1년미만,경기,화공,매우높음,매우높음,매우높음,매우높음,매우높음,매우높음,매우높음
423,3년미만,경기,화공,낮음,중간,매우높음,높음,높음,매우높음,높음
424,1년미만,경기,전기,중간,높음,매우높음,높음,중간,높음,높음
425,3년미만,울산,정보,높음,높음,매우높음,매우높음,높음,매우높음,매우높음
426,1년미만,서울,유통,높음,중간,높음,높음,높음,매우높음,매우높음
427,1년미만,경기,식료,매우낮음,중간,매우높음,매우높음,매우높음,매우높음,매우높음
428,5년미만,경기,전자,중간,중간,매우높음,매우높음,매우높음,매우높음,매우높음
429,3년미만,경기,기계,매우높음,중간,중간,높음,매우높음,매우높음,매우높음
430,3년미만,경기,기계,높음,높음,높음,높음,높음,높음,높음
431,1년미만,경기,식료,높음,중간,중간,중간,중간,중간,중간
432,1년미만,경기,전기,높음,높음,높음,높음,높음,높음,높음
433,1년미만,전북,기타,매우높음,매우높음,매우높음,매우높음,매우높음,매우높음,매우높음
434,5년미만,인천,금속,낮음,중간,중간,중간,중간,높음,높음
435,5년미만,대전,금속,중간,중간,중간,중간,높음,높음,높음
436,1년미만,충남,전기,높음,중간,매우높음,낮음,높음,매우높음,매우높음
437,1년미만,부산,잡화,매우높음,매우높음,매우높음,매우높음,매우높음,매우높음,매우높음
438,3년미만,경기,기타,매우높음,매우높음,매우높음,매우높음,매우높음,매우높음,매우높음
439,1년미만,대구,기타,매우높음,높음,높음,높음,매우높음,매우높음,높음
440,5년미만,서울,전자,중간,중간,높음,높음,중간,높음,중간
441,1년미만,울산,정보,높음,매우높음,매우높음,매우높음,높음,중간,중간
442,3년미만,경북,화공,높음,중간,매우높음,매우높음,매우높음,매우높음,매우높음
443,5년미만,경기,금속,매우높음,매우높음,낮음,높음,매우높음,매우높음,매우높음
444,1년미만,전북,기계,높음,높음,높음,높음,높음,높음,높음
445,1년미만,경기,유통,중간,중간,중간,중간,중간,중간,중간
446,3년미만,부산,기타,높음,높음,높음,높음,매우높음,매우높음,높음
447,5년미만,서울,기계,높음,높음,높음,높음,높음,높음,높음
448,3년미만,경기,전기,높음,높음,매우높음,매우높음,높음,매우높음,매우높음
449,1년미만,경기,기계,중간,중간,매우높음,매우높음,매우높음,매우높음,매우높음
450,3년미만,충남,금속,중간,높음,매우높음,낮음,매우높음,매우높음,매우높음
451,3년미만,서울,기타,매우높음,높음,매우높음,매우높음,높음,매우높음,높음
452,3년미만,서울,유통,높음,높음,매우높음,매우높음,매우높음,매우높음,매우높음
453,5년미만,경기,정보,높음,낮음,중간,높음,매우높음,매우높음,높음
454,1년미만,경기,화공,매우높음,매우높음,매우높음,매우높음,매우높음,매우높음,매우높음
455,1년미만,충북,정보,높음,높음,높음,높음,높음,높음,높음
456,3년미만,울산,기계,높음,높음,높음,높음,높음,높음,높음
457,1년미만,서울,정보,높음,중간,높음,매우높음,매우높음,매우높음,매우높음
458,1년미만,서울,정보,매우높음,중간,매우높음,매우높음,높음,매우높음,중간
459,3년미만,서울,정보,매우높음,매우높음,매우높음,매우높음,매우높음,매우높음,매우높음
460,7년미만,전남,식료,매우높음,매우높음,매우높음,매우높음,매우높음,매우높음,높음
461,1년미만,부산,화공,높음,중간,높음,중간,높음,높음,높음
462,1년미만,경기,기계,높음,높음,높음,매우높음,높음,매우높음,높음
463,1년미만,경기,전기,높음,높음,매우높음,매우높음,매우높음,매우높음,매우높음
464,1년미만,경남,전기,중간,중간,매우높음,중간,매우높음,매우높음,중간
465,7년미만,서울,기타,높음,높음,매우높음,중간,중간,매우높음,매우높음
466,1년미만,인천,기타,높음,중간,매우높음,매우높음,매우높음,매우높음,매우높음
467,1년미만,서울,잡화,높음,중간,높음,높음,높음,매우높음,높음
468,1년미만,경남,금속,높음,매우높음,매우높음,매우높음,중간,매우높음,매우높음
469,5년미만,서울,유통,높음,높음,높음,높음,높음,매우높음,높음
470,1년미만,인천,기계,매우높음,매우높음,매우높음,매우높음,매우높음,매우높음,매우높음
471,3년미만,제주,유통,높음,높음,높음,매우높음,매우높음,매우높음,매우높음
472,1년미만,경남,정보,매우높음,매우높음,매우높음,매우높음,매우높음,매우높음,매우높음
473,1년미만,인천,유통,높음,높음,높음,높음,높음,높음,높음
474,1년미만,서울,유통,높음,높음,높음,중간,매우높음,매우높음,매우높음
475,3년미만,대구,기계,매우높음,높음,매우높음,무응답,높음,매우높음,매우높음
476,3년미만,서울,기타,높음,매우높음,높음,높음,높음,매우높음,매우높음
477,5년미만,대구,잡화,중간,중간,높음,높음,높음,높음,높음
478,1년미만,부산,전기,낮음,중간,중간,높음,매우높음,매우높음,매우높음
479,1년미만,경기,전자,중간,중간,높음,매우높음,높음,높음,높음
480,1년미만,충남,식료,매우높음,매우높음,매우높음,매우높음,매우높음,매우높음,매우높음
481,1년미만,경기,기계,중간,중간,중간,중간,중간,중간,중간
482,1년미만,전남,전자,매우낮음,매우낮음,매우낮음,매우높음,매우높음,매우높음,매우높음
483,1년미만,충북,잡화,높음,높음,중간,높음,높음,높음,높음
484,5년미만,전북,전기,매우높음,매우높음,매우높음,높음,매우높음,매우높음,매우높음
485,1년미만,경기,잡화,매우낮음,중간,중간,높음,높음,높음,중간
486,7년미만,서울,유통,중간,중간,높음,매우높음,매우높음,매우높음,높음
487,3년미만,경기,기타,높음,매우높음,높음,높음,높음,매우높음,매우높음
488,1년미만,충북,화공,매우높음,높음,높음,높음,높음,매우높음,매우높음
489,3년미만,서울,잡화,중간,중간,중간,중간,중간,중간,중간
490,1년미만,강원,기타,매우높음,매우높음,매우높음,매우높음,매우높음,매우높음,중간
491,1년미만,서울,기타,중간,낮음,높음,높음,높음,높음,중간
492,1년미만,경기,전자,중간,중간,높음,매우높음,매우높음,매우높음,매우높음
493,3년미만,인천,기계,중간,중간,매우높음,매우높음,매우높음,매우높음,매우높음
494,5년미만,경기,유통,높음,높음,중간,중간,높음,높음,중간
495,1년미만,경기,잡화,높음,높음,매우높음,매우높음,매우높음,매우높음,매우높음
496,3년미만,경기,유통,높음,높음,매우높음,매우높음,매우높음,매우높음,매우높음
497,1년미만,경기,화공,높음,높음,매우높음,높음,매우높음,매우높음,높음
498,3년미만,서울,기타,중간,중간,높음,높음,높음,매우높음,높음
499,5년미만,경기,기타,매우높음,매우높음,매우높음,매우높음,매우높음,매우높음,매우높음
500,7년미만,경기,화공,중간,중간,매우높음,매우높음,매우높음,매우높음,매우높음
501,1년미만,서울,잡화,매우높음,높음,매우높음,매우높음,매우높음,매우높음,매우높음
502,3년미만,경북,유통,매우높음,매우높음,매우높음,매우높음,매우높음,매우높음,매우높음
503,1년미만,대전,유통,매우높음,매우높음,매우높음,매우높음,매우높음,높음,매우낮음
504,5년미만,서울,잡화,낮음,낮음,중간,중간,높음,높음,높음
505,1년미만,대전,전기,높음,높음,매우높음,매우높음,매우높음,매우높음,매우높음
506,1년미만,경남,화공,높음,높음,중간,높음,높음,매우높음,높음
507,5년미만,경기,기계,높음,높음,중간,중간,높음,매우높음,중간
508,1년미만,경기,화공,매우높음,매우높음,매우높음,매우높음,매우높음,매우높음,매우높음
509,5년미만,서울,기타,낮음,낮음,중간,중간,중간,높음,매우높음
510,1년미만,서울,전기,높음,매우높음,높음,높음,높음,매우높음,중간
511,3년미만,경기,금속,높음,높음,높음,높음,높음,높음,높음
512,1년미만,충북,기계,매우높음,매우높음,무응답,매우높음,매우높음,매우높음,매우높음
513,1년미만,경기,금속,높음,높음,중간,높음,높음,높음,높음
514,3년미만,경기,정보,높음,높음,높음,높음,높음,매우높음,매우높음
515,3년미만,서울,기계,높음,중간,중간,중간,중간,높음,중간
516,1년미만,전북,금속,높음,높음,높음,높음,높음,높음,높음
517,1년미만,경기,기계,매우높음,매우높음,매우높음,매우높음,매우높음,매우높음,중간
518,3년미만,경기,화공,중간,중간,높음,높음,높음,높음,높음
519,5년미만,인천,유통,매우높음,매우높음,매우높음,매우높음,매우높음,매우높음,매우높음
520,3년미만,광주,금속,매우높음,매우높음,매우높음,매우높음,매우높음,중간,매우높음
521,3년미만,전남,화공,매우높음,매우높음,매우높음,매우높음,매우높음,매우높음,매우높음
522,1년미만,광주,유통,매우높음,매우높음,매우높음,매우높음,매우높음,매우높음,매우높음
523,3년미만,서울,정보,중간,중간,매우높음,매우높음,매우높음,매우높음,매우높음
524,1년미만,서울,잡화,매우높음,높음,매우높음,매우높음,매우높음,매우높음,매우높음
525,3년미만,인천,전자,높음,매우높음,매우높음,높음,높음,매우높음,매우높음
526,1년미만,울산,금속,매우높음,매우높음,매우높음,매우높음,매우높음,매우높음,매우높음
527,1년미만,대전,전자,중간,중간,높음,높음,높음,매우높음,높음
528,5년미만,전남,기타,중간,높음,높음,높음,높음,높음,높음
529,3년미만,서울,기타,매우높음,매우높음,매우높음,매우높음,매우높음,매우높음,매우높음
530,1년미만,대구,섬유,높음,중간,중간,높음,매우높음,매우높음,높음
531,3년미만,경기,금속,매우높음,매우높음,매우높음,매우높음,매우높음,매우높음,매우높음
532,5년미만,서울,유통,높음,높음,중간,매우높음,높음,매우높음,높음
533,3년미만,강원,기타,매우높음,높음,매우높음,높음,높음,매우높음,매우높음
534,3년미만,서울,정보,높음,높음,높음,높음,높음,높음,높음
535,1년미만,경기,전자,높음,중간,높음,높음,높음,매우높음,매우높음
536,1년미만,부산,금속,높음,낮음,중간,높음,낮음,높음,높음
537,1년미만,경기,잡화,높음,높음,높음,높음,높음,매우높음,매우높음
538,3년미만,전북,기타,높음,중간,높음,매우높음,매우높음,매우높음,높음
539,1년미만,인천,기계,중간,중간,중간,높음,중간,높음,매우높음
540,3년미만,경기,기계,높음,중간,높음,높음,높음,매우높음,높음
541,1년미만,서울,섬유,높음,중간,중간,중간,중간,중간,중간
542,3년미만,경남,금속,중간,중간,높음,중간,높음,높음,높음
543,5년미만,대구,잡화,높음,높음,높음,높음,높음,매우높음,높음
544,1년미만,대구,전자,높음,높음,높음,높음,높음,높음,높음
545,3년미만,경기,정보,중간,중간,중간,중간,중간,중간,중간
546,1년미만,대구,유통,높음,높음,높음,높음,높음,매우높음,높음
547,3년미만,경기,잡화,중간,중간,매우높음,매우높음,중간,중간,중간
548,1년미만,서울,정보,매우높음,매우높음,매우높음,매우높음,매우높음,매우높음,매우높음
549,5년미만,대구,유통,높음,높음,중간,중간,중간,매우높음,높음
550,3년미만,강원,금속,높음,높음,높음,높음,중간,높음,높음
551,1년미만,서울,전자,매우높음,매우높음,매우높음,매우높음,매우높음,매우높음,매우높음
552,1년미만,경기,정보,높음,높음,매우높음,매우높음,매우높음,매우높음,매우높음
553,1년미만,제주,전기,높음,중간,높음,높음,높음,매우높음,높음
554,5년미만,울산,기계,높음,높음,높음,중간,매우낮음,매우낮음,중간
555,1년미만,대전,정보,높음,높음,매우높음,매우높음,매우높음,매우높음,매우높음
556,3년미만,경기,기계,높음,높음,매우높음,매우높음,매우높음,매우높음,매우높음
557,1년미만,부산,전기,낮음,중간,중간,중간,중간,중간,높음
558,3년미만,경기,전기,중간,높음,높음,높음,중간,높음,높음
559,5년미만,서울,잡화,매우높음,매우높음,매우높음,매우높음,매우높음,매우높음,매우높음
560,3년미만,경기,식료,매우높음,매우높음,매우높음,매우높음,매우높음,매우높음,매우높음
561,1년미만,울산,기계,매우높음,매우높음,매우높음,매우높음,매우높음,매우높음,매우높음
562,1년미만,서울,잡화,매우높음,중간,중간,중간,매우높음,매우높음,매우높음
563,3년미만,전남,섬유,매우높음,매우높음,매우높음,매우높음,높음,매우높음,매우높음
564,1년미만,대전,전자,중간,중간,높음,높음,높음,중간,높음
565,1년미만,서울,전기,높음,높음,높음,높음,높음,높음,높음
566,1년미만,경기,잡화,중간,중간,중간,높음,중간,높음,높음
567,3년미만,경기,화공,중간,중간,중간,중간,중간,중간,중간
568,1년미만,서울,금속,높음,매우높음,무응답,높음,높음,매우높음,매우높음
569,1년미만,인천,금속,중간,중간,중간,높음,높음,높음,중간
570,1년미만,경남,기계,높음,높음,높음,높음,높음,높음,높음
571,1년미만,경기,기계,매우높음,높음,매우높음,높음,높음,매우높음,매우높음
572,5년미만,경기,전기,중간,중간,높음,높음,높음,매우높음,높음
573,1년미만,강원,잡화,중간,중간,높음,높음,중간,중간,높음
574,3년미만,울산,유통,높음,높음,높음,높음,높음,높음,높음
575,5년미만,경기,유통,매우높음,중간,중간,중간,중간,높음,높음
576,1년미만,경기,금속,낮음,중간,중간,중간,중간,중간,중간
577,5년미만,대구,섬유,높음,무응답,매우높음,높음,높음,매우높음,무응답
578,1년미만,충남,금속,매우높음,매우높음,매우높음,매우높음,매우높음,매우높음,매우높음
579,1년미만,충북,전기,높음,중간,중간,높음,높음,매우높음,높음
580,3년미만,경기,금속,높음,높음,높음,높음,매우높음,매우높음,매우높음
581,5년미만,경남,잡화,높음,높음,매우높음,높음,높음,매우높음,높음
582,1년미만,부산,유통,매우높음,높음,매우높음,매우높음,매우높음,매우높음,높음
583,3년미만,경기,화공,높음,매우높음,높음,중간,높음,매우높음,매우높음
584,1년미만,서울,유통,중간,중간,높음,중간,높음,높음,높음
585,1년미만,경기,유통,매우높음,매우높음,매우높음,매우높음,매우높음,매우높음,매우높음
586,5년미만,경기,화공,높음,중간,중간,높음,매우높음,매우높음,매우높음
587,1년미만,전남,기계,높음,높음,매우높음,높음,높음,높음,높음
588,3년미만,경기,기계,중간,중간,매우높음,높음,높음,높음,높음
589,1년미만,경기,기계,매우높음,높음,높음,매우높음,매우높음,매우높음,높음
590,1년미만,서울,전자,높음,중간,중간,중간,높음,매우높음,높음
591,1년미만,경기,금속,높음,중간,중간,중간,중간,높음,높음
592,1년미만,인천,화공,매우높음,매우높음,높음,높음,매우높음,매우높음,매우높음
593,3년미만,경기,기계,매우낮음,매우낮음,매우낮음,낮음,매우높음,매우높음,매우높음
594,1년미만,경기,잡화,매우높음,매우높음,매우높음,매우높음,매우높음,매우높음,매우높음
595,1년미만,경기,잡화,매우높음,매우높음,매우높음,매우높음,매우높음,매우높음,매우높음
596,1년미만,서울,기타,매우높음,매우높음,매우높음,매우높음,매우높음,매우높음,매우높음
597,1년미만,서울,정보,중간,높음,높음,높음,중간,높음,높음
598,5년미만,대전,유통,중간,중간,중간,중간,중간,중간,중간
599,5년미만,서울,기타,중간,중간,높음,높음,높음,매우높음,높음
600,5년미만,인천,전자,높음,중간,매우높음,중간,매우높음,매우높음,매우높음
601,1년미만,부산,전기,높음,높음,매우높음,매우높음,높음,높음,높음
602,1년미만,경기,잡화,매우높음,매우높음,매우높음,매우높음,매우높음,매우높음,매우높음
603,3년미만,서울,섬유,높음,높음,매우높음,높음,매우높음,매우높음,매우높음
604,1년미만,서울,정보,중간,중간,중간,중간,높음,매우높음,높음
605,3년미만,서울,화공,매우높음,매우높음,매우높음,매우높음,매우높음,매우높음,매우높음
606,3년미만,서울,정보,중간,중간,매우높음,매우높음,높음,매우높음,매우높음
607,5년미만,경기,유통,매우높음,중간,매우높음,매우높음,매우높음,매우높음,매우높음
608,3년미만,경남,식료,중간,높음,중간,중간,중간,중간,중간
609,5년미만,경기,기계,매우높음,높음,높음,중간,높음,중간,높음
610,7년미만,경북,금속,매우높음,매우높음,매우높음,매우높음,매우높음,매우높음,매우높음
611,1년미만,경기,화공,높음,높음,높음,높음,높음,높음,높음
612,1년미만,서울,잡화,매우높음,매우높음,매우높음,매우높음,매우높음,매우높음,매우높음
613,1년미만,경기,기타,매우높음,매우높음,매우높음,매우높음,매우높음,매우높음,매우높음
614,1년미만,서울,유통,높음,중간,높음,중간,높음,매우높음,중간
615,7년미만,울산,잡화,높음,높음,높음,높음,높음,높음,높음
616,1년미만,서울,화공,중간,낮음,높음,높음,중간,매우높음,높음
617,1년미만,강원,유통,중간,중간,높음,높음,높음,높음,높음
618,5년미만,인천,금속,매우높음,매우높음,매우높음,매우높음,매우높음,매우높음,매우높음
619,1년미만,서울,기타,중간,중간,중간,중간,중간,중간,중간
620,1년미만,전남,기계,매우낮음,매우낮음,매우낮음,매우낮음,매우낮음,매우낮음,매우낮음
621,5년미만,전남,기타,중간,중간,중간,중간,중간,매우높음,매우높음
622,1년미만,경기,금속,높음,높음,높음,높음,높음,높음,높음
623,3년미만,경기,유통,높음,매우높음,매우높음,매우높음,매우높음,매우높음,매우높음
624,1년미만,서울,기타,높음,매우높음,높음,높음,매우높음,매우높음,매우높음
625,1년미만,전남,금속,매우높음,중간,매우높음,매우높음,매우높음,매우높음,매우높음
626,5년미만,충남,전기,높음,중간,매우높음,매우높음,매우높음,매우높음,매우높음
627,1년미만,경남,금속,높음,높음,매우높음,낮음,높음,매우높음,매우높음
628,1년미만,인천,유통,매우높음,매우높음,매우높음,매우높음,매우높음,매우높음,매우높음
629,1년미만,서울,유통,매우높음,매우높음,매우높음,매우높음,매우높음,매우높음,매우높음
630,1년미만,경기,기계,중간,중간,중간,중간,중간,높음,높음
631,3년미만,충북,화공,낮음,낮음,낮음,낮음,낮음,중간,낮음
632,3년미만,경기,화공,매우높음,높음,매우높음,매우높음,높음,매우높음,매우높음
633,3년미만,경기,화공,높음,높음,높음,높음,높음,높음,높음
634,3년미만,경기,섬유,높음,중간,무응답,매우높음,매우높음,매우높음,매우높음
635,1년미만,경기,기타,낮음,매우높음,매우높음,매우높음,높음,매우높음,매우높음
636,3년미만,서울,유통,매우높음,매우높음,매우높음,매우높음,매우높음,매우높음,매우높음
637,1년미만,부산,섬유,중간,높음,매우높음,매우높음,매우높음,매우높음,매우높음
638,5년미만,경기,전기,매우높음,매우높음,매우높음,매우높음,매우높음,매우높음,매우높음
639,3년미만,경기,섬유,중간,중간,중간,중간,중간,중간,중간
640,7년미만,경기,화공,중간,중간,중간,중간,중간,중간,중간
641,3년미만,서울,정보,중간,중간,높음,매우높음,매우높음,매우높음,높음
642,5년미만,경기,기계,낮음,중간,중간,중간,중간,중간,높음
643,3년미만,충북,유통,높음,높음,높음,높음,높음,높음,높음
644,1년미만,울산,정보,높음,높음,매우높음,매우높음,매우높음,매우높음,매우높음
645,1년미만,인천,기타,매우높음,중간,중간,중간,중간,매우높음,매우높음
646,1년미만,경남,금속,낮음,낮음,매우높음,매우높음,매우높음,매우높음,매우높음
647,5년미만,전북,유통,중간,중간,높음,매우높음,높음,높음,중간
648,1년미만,경기,기계,높음,높음,높음,높음,높음,높음,높음
649,1년미만,전북,잡화,중간,매우높음,매우높음,매우높음,중간,매우높음,매우높음
650,3년미만,대전,정보,중간,중간,매우높음,높음,매우높음,매우높음,매우높음
651,3년미만,서울,유통,높음,높음,매우높음,매우높음,매우높음,매우높음,중간
652,3년미만,충남,잡화,높음,높음,높음,높음,높음,높음,높음
653,1년미만,경기,식료,무응답,무응답,무응답,무응답,무응답,매우높음,무응답
654,3년미만,서울,유통,매우높음,높음,매우높음,매우높음,매우높음,매우높음,매우높음
655,5년미만,경기,금속,높음,높음,높음,높음,높음,높음,높음
656,3년미만,서울,정보,매우높음,높음,매우낮음,매우낮음,매우높음,매우높음,매우높음
657,5년미만,경기,잡화,높음,높음,매우높음,중간,높음,매우높음,매우높음
658,1년미만,경기,잡화,중간,중간,중간,중간,중간,중간,중간
659,5년미만,대전,잡화,높음,높음,매우높음,매우높음,매우높음,매우높음,매우높음
660,5년미만,경기,유통,높음,높음,높음,높음,높음,높음,높음
661,7년미만,서울,유통,중간,중간,중간,중간,중간,높음,중간
662,3년미만,경남,잡화,높음,높음,매우높음,매우높음,매우높음,매우높음,매우높음
663,3년미만,경기,잡화,매우높음,매우높음,매우높음,매우높음,매우높음,매우높음,매우높음
664,1년미만,광주,유통,매우높음,높음,매우높음,매우높음,높음,매우높음,매우높음
665,1년미만,인천,기계,중간,중간,중간,중간,중간,중간,중간
666,1년미만,광주,잡화,중간,중간,높음,높음,중간,높음,높음
667,3년미만,충남,유통,중간,높음,매우높음,높음,매우높음,매우높음,매우높음
668,5년미만,인천,금속,높음,높음,높음,높음,높음,높음,높음
669,1년미만,경기,금속,높음,높음,높음,높음,높음,매우높음,매우높음
670,3년미만,부산,금속,높음,높음,높음,중간,높음,높음,높음
671,1년미만,충북,잡화,높음,높음,매우높음,높음,높음,매우높음,매우높음
672,5년미만,경기,잡화,높음,높음,높음,높음,매우높음,매우높음,높음
673,3년미만,경기,금속,높음,높음,높음,높음,높음,높음,높음
674,3년미만,부산,전기,높음,높음,높음,높음,높음,매우높음,높음
675,5년미만,부산,금속,높음,중간,매우높음,매우높음,매우높음,매우높음,중간
676,7년미만,서울,유통,중간,중간,중간,중간,중간,중간,중간
677,1년미만,광주,기계,매우높음,매우높음,매우높음,매우높음,매우높음,매우높음,매우높음
678,1년미만,인천,전기,중간,무응답,무응답,무응답,무응답,중간,중간
679,1년미만,경기,금속,높음,높음,높음,높음,높음,높음,높음
680,1년미만,경북,금속,무응답,무응답,매우높음,매우높음,매우높음,매우높음,매우높음
681,3년미만,부산,기계,중간,매우높음,매우높음,매우높음,중간,높음,높음
682,1년미만,인천,유통,매우높음,매우높음,매우높음,매우높음,매우높음,매우높음,매우높음
683,1년미만,부산,화공,매우높음,중간,높음,높음,높음,매우높음,매우높음
684,3년미만,경북,섬유,매우높음,높음,높음,중간,높음,높음,높음
685,1년미만,부산,기타,높음,낮음,매우높음,중간,매우높음,매우높음,매우높음
686,3년미만,충북,화공,매우높음,매우높음,매우높음,매우높음,매우높음,매우높음,매우높음
687,5년미만,경기,화공,중간,높음,높음,높음,높음,높음,높음
688,1년미만,경기,전기,낮음,낮음,높음,무응답,높음,높음,높음
689,1년미만,경남,식료,높음,높음,높음,매우높음,높음,매우높음,높음
690,3년미만,경기,전기,중간,중간,중간,중간,중간,매우높음,높음
691,7년미만,경기,전자,높음,높음,매우높음,높음,높음,매우높음,매우높음
692,1년미만,경북,유통,높음,중간,높음,높음,높음,매우높음,높음
693,5년미만,경기,유통,매우높음,중간,매우높음,중간,매우높음,매우높음,매우높음
694,5년미만,경북,유통,매우높음,매우높음,매우높음,매우높음,매우높음,매우높음,매우높음
695,5년미만,서울,전기,중간,중간,낮음,높음,높음,매우높음,중간
696,5년미만,서울,유통,높음,중간,높음,높음,높음,높음,중간
697,3년미만,경남,잡화,매우높음,높음,매우높음,매우높음,높음,매우높음,높음
698,1년미만,경기,기타,매우높음,매우높음,매우높음,높음,높음,매우높음,매우높음
699,5년미만,울산,유통,매우높음,높음,높음,높음,높음,매우높음,높음
700,1년미만,울산,유통,중간,중간,중간,중간,중간,중간,중간
701,7년미만,서울,금속,매우높음,매우높음,매우높음,매우높음,매우높음,매우높음,매우높음
702,3년미만,서울,전자,높음,중간,높음,높음,높음,높음,높음
703,3년미만,서울,잡화,중간,중간,매우높음,매우높음,높음,매우높음,높음
704,1년미만,부산,화공,중간,중간,중간,낮음,낮음,낮음,중간
705,3년미만,경기,유통,낮음,낮음,낮음,낮음,낮음,낮음,낮음
706,1년미만,경기,유통,매우높음,매우높음,높음,높음,매우높음,매우높음,높음
707,3년미만,경남,유통,높음,높음,높음,높음,높음,높음,높음
708,3년미만,경남,유통,높음,매우높음,매우높음,매우높음,매우높음,매우높음,매우높음
709,3년미만,제주,유통,낮음,낮음,낮음,낮음,낮음,낮음,낮음
710,1년미만,전북,기계,중간,중간,중간,중간,중간,중간,중간
711,1년미만,경기,금속,중간,중간,중간,중간,중간,중간,중간
712,7년미만,경기,전기,높음,중간,매우높음,매우높음,매우높음,매우높음,높음
713,1년미만,경기,기계,높음,높음,높음,중간,높음,높음,높음
714,1년미만,경기,유통,중간,높음,높음,높음,높음,높음,중간
715,1년미만,경기,금속,높음,높음,매우높음,매우높음,매우높음,매우높음,매우높음
716,1년미만,충남,전자,높음,높음,매우높음,높음,매우높음,매우높음,매우높음
717,1년미만,인천,기타,매우높음,매우높음,매우높음,매우높음,매우높음,매우높음,매우높음
718,1년미만,경남,기계,높음,높음,매우높음,높음,매우높음,매우높음,매우높음
719,5년미만,서울,화공,높음,중간,높음,중간,높음,매우높음,매우높음
720,3년미만,세종,금속,중간,높음,중간,중간,중간,낮음,낮음
721,1년미만,충남,기계,매우높음,매우높음,매우높음,매우높음,매우높음,매우높음,매우높음
722,1년미만,인천,전기,높음,매우높음,매우높음,높음,높음,매우높음,매우높음
723,5년미만,대구,정보,매우높음,높음,매우높음,높음,매우높음,매우높음,매우높음
724,1년미만,전북,유통,높음,높음,매우높음,높음,높음,매우높음,높음
725,3년미만,서울,정보,높음,높음,중간,중간,높음,매우높음,중간
726,1년미만,경기,정보,높음,중간,매우높음,높음,중간,높음,높음
727,1년미만,대전,정보,중간,중간,중간,매우높음,매우높음,매우높음,매우높음
728,1년미만,경남,정보,매우높음,중간,매우높음,매우높음,매우높음,매우높음,매우높음
729,1년미만,경남,화공,매우높음,높음,매우높음,높음,높음,매우높음,높음
730,1년미만,부산,전기,높음,매우높음,중간,높음,매우높음,매우높음,매우높음
731,7년미만,경기,기계,매우높음,높음,매우높음,높음,중간,매우높음,중간
732,3년미만,서울,정보,낮음,중간,매우높음,매우높음,매우높음,매우높음,매우높음
733,1년미만,경기,기계,매우높음,중간,중간,중간,매우높음,중간,중간
734,1년미만,인천,금속,높음,높음,높음,매우높음,매우높음,매우높음,매우높음
735,1년미만,서울,정보,중간,낮음,매우높음,높음,높음,매우높음,높음
736,7년미만,경북,유통,높음,높음,높음,매우높음,높음,높음,높음
737,3년미만,대전,기계,높음,높음,매우높음,매우높음,매우높음,매우높음,매우높음
738,1년미만,부산,화공,매우높음,매우높음,매우높음,매우높음,매우높음,매우높음,매우높음
739,1년미만,경기,기계,매우높음,높음,매우높음,매우높음,매우높음,매우높음,매우높음
740,1년미만,인천,기계,높음,높음,높음,높음,높음,매우높음,매우높음
741,1년미만,서울,전기,중간,높음,높음,높음,매우높음,매우높음,중간
742,3년미만,경기,화공,중간,낮음,중간,중간,낮음,높음,높음
743,5년미만,경기,화공,매우높음,높음,매우높음,매우높음,매우높음,매우높음,매우높음
744,3년미만,서울,유통,중간,중간,중간,중간,중간,중간,중간
745,1년미만,울산,기계,매우높음,매우높음,매우높음,매우높음,매우높음,매우높음,매우높음
746,1년미만,인천,정보,중간,중간,중간,중간,높음,높음,중간
747,5년미만,대전,금속,매우높음,매우높음,매우높음,매우높음,매우높음,매우높음,매우높음
748,3년미만,인천,화공,중간,중간,중간,중간,중간,매우높음,매우높음
749,3년미만,인천,잡화,중간,중간,중간,중간,중간,중간,중간
750,3년미만,서울,정보,높음,높음,높음,높음,높음,높음,높음
751,1년미만,대전,기계,중간,중간,중간,중간,중간,중간,중간
752,1년미만,서울,기계,높음,높음,높음,높음,높음,높음,높음
753,1년미만,부산,전기,중간,높음,높음,중간,중간,높음,높음
754,1년미만,경기,화공,중간,중간,매우높음,매우높음,매우높음,매우높음,매우높음
755,1년미만,충북,잡화,중간,중간,높음,높음,높음,높음,높음
756,5년미만,인천,화공,매우높음,매우높음,높음,높음,높음,높음,높음
757,1년미만,경기,잡화,중간,중간,중간,중간,중간,중간,중간
758,1년미만,강원,정보,높음,매우높음,매우높음,매우높음,매우높음,매우높음,매우높음
759,1년미만,부산,식료,높음,중간,중간,높음,매우높음,매우높음,높음
760,1년미만,경기,전자,높음,높음,높음,높음,높음,높음,매우높음
761,5년미만,경기,화공,중간,중간,중간,중간,중간,중간,중간
762,7년미만,인천,잡화,높음,높음,높음,높음,높음,매우높음,매우높음
763,5년미만,광주,전자,중간,중간,중간,중간,중간,중간,중간
764,5년미만,울산,기계,높음,중간,중간,중간,중간,높음,중간
765,1년미만,서울,섬유,매우높음,매우높음,높음,높음,높음,매우높음,매우높음
766,7년미만,경남,유통,매우높음,매우높음,매우높음,매우높음,매우높음,매우높음,매우높음
767,3년미만,경남,금속,매우높음,높음,매우높음,높음,높음,매우높음,높음
768,5년미만,경기,기타,중간,중간,높음,높음,높음,높음,높음
769,5년미만,부산,전기,높음,매우높음,매우높음,높음,매우높음,매우높음,매우높음
770,3년미만,경기,전자,매우높음,매우높음,매우높음,매우높음,매우높음,매우높음,매우높음
771,5년미만,경기,화공,높음,높음,매우높음,높음,높음,매우높음,매우높음
772,1년미만,경기,기계,높음,높음,매우높음,높음,높음,매우높음,높음
773,3년미만,인천,전기,높음,높음,높음,높음,높음,높음,높음
774,1년미만,부산,기타,중간,중간,높음,높음,매우높음,매우높음,매우높음
775,1년미만,경기,화공,높음,중간,매우높음,높음,높음,매우높음,매우높음
776,3년미만,전북,기계,매우높음,높음,높음,높음,높음,매우높음,높음
777,5년미만,광주,기계,매우높음,매우높음,매우높음,매우높음,매우높음,매우높음,매우높음
778,1년미만,부산,잡화,높음,높음,낮음,높음,낮음,높음,높음
779,7년미만,경남,유통,매우높음,매우높음,매우높음,높음,높음,매우높음,매우높음
780,5년미만,부산,섬유,높음,높음,높음,중간,중간,높음,높음
781,1년미만,경북,금속,중간,중간,중간,높음,높음,매우높음,중간
782,5년미만,대전,잡화,중간,낮음,중간,중간,중간,높음,높음
783,1년미만,부산,잡화,매우높음,높음,중간,중간,높음,매우높음,매우높음
784,1년미만,전남,기계,높음,높음,높음,높음,높음,높음,중간
785,5년미만,서울,화공,높음,높음,중간,중간,중간,높음,높음
786,1년미만,경기,잡화,매우높음,매우높음,매우높음,매우높음,매우높음,매우높음,매우높음
787,3년미만,전북,유통,중간,중간,낮음,매우높음,매우높음,매우높음,매우높음
788,5년미만,서울,정보,중간,중간,높음,높음,중간,매우높음,높음
789,3년미만,경기,잡화,중간,중간,높음,중간,높음,높음,중간
790,3년미만,서울,정보,높음,높음,높음,높음,높음,높음,높음
791,1년미만,인천,식료,매우높음,무응답,무응답,무응답,무응답,무응답,무응답
792,3년미만,대구,금속,높음,매우높음,높음,높음,높음,높음,중간
793,1년미만,부산,금속,매우높음,높음,매우높음,매우높음,매우높음,매우높음,매우높음
794,3년미만,부산,유통,매우높음,매우높음,매우높음,매우높음,매우높음,매우높음,매우높음
795,1년미만,제주,전기,중간,높음,높음,높음,매우높음,매우높음,매우높음
796,7년미만,서울,전자,매우높음,매우높음,매우높음,매우높음,매우높음,매우높음,매우높음
797,3년미만,서울,유통,높음,중간,중간,중간,높음,높음,높음
798,5년미만,서울,유통,중간,중간,중간,중간,중간,낮음,중간
799,5년미만,인천,전기,매우높음,중간,중간,중간,중간,매우높음,매우높음
800,5년미만,대구,기타,중간,중간,매우높음,높음,높음,높음,높음
801,3년미만,경기,기계,높음,중간,중간,낮음,중간,매우높음,높음
802,3년미만,서울,정보,매우높음,매우높음,매우높음,매우높음,매우높음,매우높음,매우높음
803,1년미만,전남,기타,높음,중간,높음,높음,높음,매우높음,높음
804,1년미만,경기,금속,높음,높음,높음,높음,높음,높음,높음
805,3년미만,서울,유통,중간,중간,중간,중간,높음,매우높음,중간
806,3년미만,경기,유통,매우높음,매우높음,매우높음,매우높음,매우높음,매우높음,매우높음
807,3년미만,대구,금속,높음,높음,높음,높음,높음,높음,높음
808,1년미만,서울,정보,높음,높음,매우높음,중간,높음,매우높음,매우높음
809,3년미만,경기,유통,높음,높음,매우높음,매우높음,매우높음,매우높음,매우높음
810,1년미만,부산,기계,높음,중간,높음,높음,매우높음,매우높음,높음
811,5년미만,경기,금속,높음,높음,높음,높음,높음,높음,높음
812,5년미만,경기,기계,매우높음,매우높음,매우높음,매우높음,매우높음,매우높음,높음
813,5년미만,경기,금속,높음,높음,높음,높음,높음,높음,높음
814,1년미만,경남,금속,높음,높음,높음,높음,높음,높음,높음
815,3년미만,부산,유통,높음,높음,매우높음,매우높음,매우높음,매우높음,매우높음
816,3년미만,인천,기계,매우높음,매우높음,매우높음,매우높음,매우높음,매우높음,매우높음
817,1년미만,서울,유통,높음,높음,높음,높음,높음,높음,매우높음
818,1년미만,경북,금속,높음,중간,매우높음,높음,높음,매우높음,매우높음
819,3년미만,충남,식료,높음,높음,높음,중간,높음,매우높음,매우높음
820,3년미만,경남,전기,매우높음,매우높음,매우높음,매우높음,매우높음,매우높음,매우높음
821,1년미만,경기,금속,매우높음,매우높음,매우높음,매우높음,매우높음,매우높음,매우높음
822,5년미만,대전,정보,높음,매우높음,매우높음,높음,높음,높음,높음
823,3년미만,경기,화공,높음,낮음,높음,중간,높음,높음,높음
824,1년미만,울산,유통,높음,높음,매우높음,매우높음,높음,높음,높음
825,1년미만,경기,잡화,중간,중간,중간,중간,중간,중간,중간
826,1년미만,전남,화공,높음,중간,중간,중간,높음,매우높음,높음
827,1년미만,경기,화공,매우높음,매우높음,매우높음,매우높음,매우높음,매우높음,매우높음
828,5년미만,경기,화공,높음,중간,중간,높음,중간,높음,높음
829,1년미만,충남,금속,중간,중간,중간,중간,중간,중간,중간
830,1년미만,전북,유통,중간,중간,중간,중간,낮음,높음,중간
831,3년미만,서울,유통,매우높음,매우높음,매우높음,매우높음,매우높음,매우높음,매우높음
832,3년미만,경기,기계,높음,높음,매우높음,매우높음,높음,매우높음,매우높음
833,1년미만,서울,전자,높음,높음,높음,높음,높음,높음,높음
834,1년미만,서울,기계,높음,중간,높음,높음,높음,매우높음,높음
835,3년미만,서울,유통,높음,매우높음,매우높음,높음,매우높음,매우높음,매우높음
836,5년미만,서울,유통,높음,매우높음,높음,높음,높음,매우높음,높음
837,1년미만,서울,정보,높음,높음,높음,중간,높음,높음,매우높음
838,3년미만,경기,전기,높음,높음,매우높음,중간,중간,매우높음,매우높음
839,5년미만,경기,기계,매우높음,매우높음,매우높음,매우높음,매우높음,매우높음,매우높음
840,3년미만,경기,기계,높음,높음,매우높음,높음,높음,매우높음,높음
841,1년미만,인천,잡화,매우높음,매우높음,매우높음,높음,높음,매우높음,높음
842,1년미만,세종,정보,중간,중간,높음,높음,높음,높음,중간
843,3년미만,대전,금속,높음,높음,높음,높음,높음,높음,높음
844,3년미만,서울,잡화,중간,중간,중간,중간,중간,높음,중간
845,5년미만,울산,화공,중간,중간,중간,중간,중간,중간,중간
846,5년미만,경기,정보,높음,낮음,중간,높음,높음,매우높음,높음
847,3년미만,서울,식료,중간,중간,중간,중간,중간,중간,매우높음
848,3년미만,경북,유통,높음,높음,높음,높음,높음,높음,높음
849,1년미만,경기,전자,높음,높음,높음,높음,매우높음,매우높음,높음
850,3년미만,경기,정보,중간,중간,매우높음,매우높음,매우높음,매우높음,매우높음
851,1년미만,서울,잡화,중간,매우높음,매우높음,매우높음,매우높음,매우높음,매우높음
852,3년미만,충북,금속,높음,중간,높음,높음,높음,높음,높음
853,1년미만,서울,섬유,매우낮음,매우낮음,매우높음,매우높음,매우높음,매우높음,매우높음
854,3년미만,서울,잡화,높음,높음,중간,높음,매우높음,매우높음,높음
855,1년미만,인천,금속,중간,중간,중간,중간,중간,중간,중간
856,3년미만,서울,전자,중간,중간,중간,중간,중간,중간,중간
857,5년미만,인천,기타,매우높음,매우높음,매우높음,매우높음,매우높음,매우높음,매우높음
858,5년미만,인천,유통,높음,높음,높음,매우높음,매우높음,매우높음,매우높음
859,1년미만,부산,전기,중간,중간,중간,중간,중간,중간,중간
860,7년미만,강원,유통,높음,중간,매우높음,매우높음,높음,높음,매우높음
861,3년미만,서울,기타,높음,높음,높음,중간,높음,매우높음,높음
862,1년미만,경기,섬유,매우높음,매우높음,매우높음,매우높음,매우높음,매우높음,매우높음
863,7년미만,경남,잡화,높음,매우높음,높음,높음,높음,높음,높음
864,7년미만,인천,기계,매우높음,매우높음,매우높음,매우높음,매우높음,매우높음,매우높음
865,1년미만,부산,금속,높음,높음,높음,높음,높음,높음,높음
866,1년미만,인천,유통,높음,높음,높음,높음,중간,매우높음,매우높음
867,3년미만,서울,유통,중간,중간,중간,중간,중간,중간,중간
868,1년미만,대구,금속,매우높음,높음,매우높음,높음,높음,중간,높음
869,1년미만,부산,정보,높음,높음,높음,높음,높음,높음,높음
870,1년미만,전남,잡화,높음,매우높음,매우높음,높음,높음,높음,높음
871,1년미만,경기,금속,높음,중간,높음,높음,높음,매우높음,매우높음
872,7년미만,경기,화공,중간,중간,중간,중간,중간,중간,중간
873,5년미만,서울,기타,낮음,중간,높음,높음,중간,높음,높음
874,3년미만,경북,기계,높음,높음,매우높음,매우높음,매우높음,매우높음,매우높음
875,1년미만,경기,유통,매우높음,높음,매우높음,매우높음,높음,매우높음,매우높음
876,3년미만,울산,기계,높음,매우높음,매우높음,매우높음,매우높음,매우높음,매우높음
877,3년미만,부산,화공,높음,높음,높음,높음,높음,높음,높음
878,3년미만,부산,기타,중간,중간,높음,높음,높음,높음,높음
879,1년미만,경기,기계,매우높음,중간,매우높음,매우높음,매우높음,매우높음,높음
880,1년미만,경기,섬유,중간,중간,중간,중간,중간,중간,중간
881,3년미만,경기,전기,매우높음,높음,높음,높음,매우높음,매우높음,매우높음
882,3년미만,경기,정보,중간,매우높음,낮음,중간,매우높음,매우높음,매우높음
883,1년미만,서울,기타,중간,중간,높음,중간,중간,중간,높음
884,3년미만,경남,화공,매우높음,높음,높음,높음,매우높음,매우높음,중간
885,7년미만,서울,유통,매우높음,매우높음,매우높음,매우높음,매우높음,매우높음,매우높음
886,1년미만,경기,기계,중간,중간,중간,중간,중간,중간,중간
887,7년미만,경기,잡화,중간,중간,중간,중간,중간,중간,중간
888,3년미만,부산,잡화,매우높음,매우높음,높음,높음,높음,매우높음,매우높음
889,1년미만,경남,금속,높음,높음,매우높음,매우높음,매우높음,매우높음,높음
890,1년미만,부산,금속,매우높음,매우높음,매우높음,매우높음,매우높음,매우높음,매우높음
891,3년미만,서울,전기,높음,높음,높음,높음,높음,매우높음,매우높음
892,1년미만,충북,식료,높음,높음,높음,높음,높음,높음,높음
893,1년미만,경북,화공,중간,중간,중간,중간,중간,중간,높음
894,1년미만,서울,유통,높음,높음,높음,높음,높음,매우높음,매우높음
895,3년미만,부산,잡화,높음,매우높음,매우높음,높음,매우높음,매우높음,매우높음
896,5년미만,부산,기타,중간,높음,중간,높음,중간,중간,중간
897,5년미만,인천,금속,매우높음,매우높음,매우높음,매우높음,매우높음,매우높음,높음
898,3년미만,부산,화공,중간,중간,중간,높음,높음,매우높음,매우높음
899,7년미만,경북,금속,매우높음,매우높음,매우높음,매우높음,매우높음,매우높음,매우높음
900,3년미만,경기,유통,매우높음,높음,높음,높음,높음,매우높음,매우높음
901,3년미만,충남,금속,높음,높음,높음,높음,높음,높음,높음
902,1년미만,부산,식료,높음,높음,높음,중간,중간,높음,높음
903,1년미만,경기,화공,매우높음,매우높음,매우높음,매우높음,매우높음,매우높음,매우높음
904,3년미만,경기,유통,매우높음,매우높음,매우높음,매우높음,매우높음,매우높음,매우높음
905,1년미만,부산,금속,높음,높음,높음,높음,높음,높음,높음
906,1년미만,울산,기타,높음,높음,매우높음,높음,높음,매우높음,매우높음
907,5년미만,전남,금속,매우높음,매우높음,매우높음,매우높음,높음,매우높음,매우높음
908,1년미만,경기,기계,높음,높음,높음,높음,높음,높음,높음
909,1년미만,경북,화공,높음,높음,높음,높음,높음,높음,높음
910,1년미만,경남,금속,매우높음,매우높음,매우높음,매우높음,매우높음,매우높음,매우높음
911,1년미만,광주,식료,중간,중간,중간,중간,중간,높음,높음
912,1년미만,경기,금속,중간,높음,매우높음,매우높음,높음,매우높음,높음
913,1년미만,충남,유통,높음,중간,매우높음,매우높음,매우높음,매우높음,매우높음
914,5년미만,대전,유통,높음,높음,중간,중간,중간,중간,높음
915,1년미만,서울,화공,매우높음,높음,높음,매우높음,매우높음,매우높음,높음
916,1년미만,경기,전자,매우높음,매우높음,매우높음,매우높음,매우높음,매우높음,매우높음
917,1년미만,경기,화공,높음,중간,매우높음,매우높음,매우높음,매우높음,높음
918,3년미만,서울,기타,매우높음,매우높음,매우높음,높음,높음,매우높음,매우높음
919,3년미만,서울,기타,매우높음,높음,매우높음,매우높음,매우높음,매우높음,매우높음
920,1년미만,경남,기계,중간,중간,중간,중간,중간,높음,중간
921,3년미만,강원,식료,높음,높음,중간,중간,높음,높음,높음
922,1년미만,강원,정보,높음,중간,매우높음,매우높음,높음,매우높음,매우높음
923,1년미만,부산,섬유,높음,매우높음,매우높음,중간,중간,매우높음,중간
924,1년미만,전남,화공,높음,높음,높음,높음,높음,높음,높음
925,1년미만,부산,금속,높음,매우높음,중간,무응답,무응답,무응답,무응답
